,Smiles
0,CCc1nc(CCCCCCCCO[N+](=O)[O-])cc2occc12
1,O=[N+]([O-])c1ccccc1-c1nc2cccc(C3CCCCC3)n2n1
2,CCC(C)c1no[n+]([O-])c1C1CCN(Cc2coc(C)c2)CC1
3,O=[N+]([O-])c1ccc2nnn(CCCCCCC3CCC3)c2c1F
4,CCCCCCCCCCCS(=O)(=O)Oc1cc(C)on1
5,[N-]=[N+]=Nc1cocc1CN1CCCC(CSc2ncccn2)C1
6,CCN(CC)CCCN1CCC(C#N)CC1
7,O=[N+]([O-])c1cccc(N2CCCCC(F)(c3ccon3)CC2)c1
8,C=NCCCCCCCN(C)N=Nc1cccc(C(=O)OC)n1
9,O=[N+]([O-])c1ccc2c(CCCCCCc3cccnc3)coc2n1
10,[N-]=[N+]=Nc1cccc(C2CCN(CCCSC(=O)O)CC2)c1
11,COc1ccccc1-c1ncc2ccc(OCCCN=[N+]=[N-])c-2o1
12,Cc1nc(CCCCCCCCc2ccc([N+](=O)[O-])cc2)co1
13,O=[N+]([O-])c1cc([O-])c2ccc(CCCCC3CCCC3)nc2c1
14,Nc1oc([N+](=O)[O-])c2c1CCCN2CCCCCc1ccccc1
15,COc1cc([N+](=O)[O-])cc2oc3cc(OCC4CC4)ccc3c12
16,CN(C)CCCOc1ccc(-c2nc3cc(N=[N+]=[N-])ccc3o2)cc1
17,O=[N+]([O-])c1ccc(OCCCN2CCCC2c2ccco2)cc1
18,O=[N+]([O-])c1ncccc1CCCCCCCCCn1ccnc1
19,[N-]N1CN(CCCCCCc2ccc(F)cc2)CCC(=NO)O1
20,CCCCCCCN(CC1COC(N=[N+]=[N-])C1)c1ccccn1
21,N#CC1C=Cc2cnoc2-c2cc(-c3cccc4cnccc34)oc21
22,O=[N+]([O-])c1cc2c(cc(OCCCN3CCCC3)c3occc32)o1
23,[N-]=[N+]=NC1CCN(CCCCCCCCCc2ccccc2)O1
24,O=[N+]([O-])c1cc2cc(OCCCN3CCCCCC3)ccc2o1
25,[N-]=[N+]=NCCCN1CCC(c2noc3ccc(Cl)cc23)CC1
26,CC(=O)CCCN1CCC(N(C)c2cccc(N=[N+]=[N-])c2)CC1
27,COc1ccc2c(c1)oc1cc(N3CCN(C)C3)c(N=[N+]=[N-])cc12
28,Cc1cc(CCCCCCN2CCC([N+](=O)[O-])CC2)ccc1[N+]#N
29,[N-]=[N+]=NC1CC=C(c2cccc(OCCCCCCCCN)c2)O1
30,Cc1ccc2ccc(OCCCN3CCCC3)c(N=[N+]=[N-])c2n1
31,O=[N+]([O-])c1ccc(OCCCCCCOc2ccccc2)nc1
32,CCCCCN1CCC(c2o[n+]([O-])c3cc([N+](=O)[O-])sc23)C1
33,O=[N+]([O-])c1cccc2c1CN2CCCCN=NN1CCCCC1
34,COc1cccc(-c2oc3cnccc3c2OCCCN=[N+]=[N-])c1
35,[N-]=[N+]=NCCCCCN1CCC(c2nc3ccccc3o2)CC1
36,O=[N+]([O-])c1cccc(-c2ccc3cc(OCC4CC4)ccc3n2)n1
37,[N-]=[N+]=Nc1ccc(CCCCCN2CCC(c3ncco3)N2)cc1
38,N#CCC=Nc1ccc2c(c1Oc1ccco1)N=C1CCC(C1)C2
39,O=[N+]([O-])c1ccc2cccc(N3CCC(N=NN4CCC4)C3)c2c1
40,O=C1CCCC(c2cc3c4o(ccc3o2)C=C(c2ccon2)C=4)=N1
41,O=[N+]([O-])c1cc(OCCCN2CC2)ccc1-c1cc2occc2o1
42,CCC1=NCCN1CCCCCCCCc1ccc([N+](=O)[O-])o1
43,O=[N+]([O-])c1cc2cnn(CCCCCCCCN3CCC3)c2o1
44,N#CCCCCCCN1CCC(c2ccccc2[N+](=O)[O-])CC1
45,[N-]=Nc1cc(CCCCc2ccoc2)ccc1-c1nc(C2CC2)no1
46,CN(CC1=Cc2ccccc2CC1)c1ccc([N+](=O)[O-])cc1N=O
47,CN1CCC(CCCCCCCOc2ccc([N+](=O)[O-])o2)CC1
48,O=[N+]([O-])c1nc2c(OCC3CCCc4ccccc43)cccc2o1
49,CC(=O)c1ccc(OCCCCCCC2CCN(N=O)C2)cc1
50,NN(CCCCCCCCC1CCC(CN2CCCC2)C1)N=O
51,N#Cc1ccc2c(c1)N(CCCCc1ccc([N+](=O)[O-])o1)CCC2
52,COc1cccc(CCCCCN2CCC(C#N)CC2)c1N=[N+]=[N-]
53,CSN=Nc1ccccc1CN1CCC(CN(C)N=O)CC1
54,[N-]=[N+]=NC1=CC(C2=NN(CCCCCCc3ccccc3)CC2)=[N+]O1
55,O=S(=O)(c1ccccc1)c1ccc2oc(C3CCC3)nc2c1
56,[N-]=[N+]=NCC1CCN(CCCCCCCCc2cocn2)CC1
57,CC(CCCCC#N)N1CCC(c2ccccc2[N+](=O)[O-])CC1
58,N#CCCCCCCCCN1CCC(c2ccc([N+](=O)[O-])o2)C1
59,N#CN=CC=CCCCN1CCC(c2cccc([N+](=O)[O-])c2)CC1
60,[N-]=[N+]=Nc1ccc(OCCCC2CCN(c3ccccc3)O2)nc1
61,N#Cc1ccc(OCCCOc2ccc3c(C#N)occ3c2)cc1
62,CN(N)CCCCCCCCN(C)c1cccc2c1OCN=N2
63,[N-]=[N+]=Nc1cc(=O)c2cc(OCCCN3CCCC3)ccc2o1
64,N#CCCCCCCCCN1CCC(c2ncc(N=C=O)o2)CC1
65,O=c1ccoc2c([N+](=O)[O-])cc(OCCCc3ccccc3)cc12
66,N#CCCCCCCCCCOc1ccc2cnc(=O)oc2c1
67,N#CCCN1CCC(CCn2ccc3c([N+](=O)[O-])cccc32)CC1
68,C=NCCCCOc1ncccc1-c1cc2cc(C#N)ccc2o1
69,COc1nc(C)ccc1OCCCC=Cc1ccc([N+](=O)[O-])cc1
70,Cc1nc(CC2CC3OC2O3)ccc1N=NN(C)c1ccoc1
71,[N-]=[N+]=NCCCCCCCN1CCC(N(O)c2ccccn2)C1
72,O=C(CCCCCCCCc1c[n+]([O-])on1)c1ccccc1O
73,CCCCCCCCCCOc1no[n+]([O-])c1-c1ccccn1
74,C=C(CCCCn1nc(N)c(-c2ccoc2)n1)Cc1ccccc1
75,CN1CCOc2cc(OCCN3CCCCC3)cc(N=[N+]=[N-])c21
76,[N-]=[N+]=Nc1cc(C2=CN(CCCCCC3CCCC3)CC2)on1
77,O=[N+]([O-])c1ccc2c(c1)-c1oc3oc4c(c5occc5c3c14)CC2
78,Cc1ccc(C2CCCN(CCCN=NN=CCCC#N)C2)o1
79,[N-]=[N+]=NCCCCCCN1CC=C(n2cc(C3CC3)nn2)CC1
80,[N-][N-]c1nc(CCCCN2CCc3cccc(C(=O)O)c3C2)co1
81,CCCCCCCN1CCC1c1nc2ccc([N+](=O)[O-])cc2o1
82,[N-]=[N+]=Nc1nccnc1-c1cccc(OCCCN2CCCC2)c1
83,O=[N+]([O-])c1ccc2c(n1)COc1ccc3c(c1)oc1cccc-2c13
84,[N-]=[N+]=Nc1oc(N2CCC(CCF)CC2)nc1C1CCCCC1
85,CCCCCCCN(CCC)c1ncc(Cl)nc1[N+](=O)[O-]
86,CN(C)CCN(CCCCN=NN=N[N+]#N)CCC1=CCCCC1
87,CCCCCCC(C)=NOc1ccc(OS(C)(=O)=O)cc1
88,CCCCCCCCCN1CCC(c2nccc([N+](=O)[O-])n2)CC1
89,CN(CC1CC1SOc1ccc2cc(C#N)ccc2c1)[N+](=O)[O-]
90,CCCCOc1cc2oc(-c3ccn(C)c3)cc2cc1[N+](=O)[O-]
91,O=[N+]([O-])c1cc2c(ccc3ccc(OCC4CCCCO4)cc32)o1
92,N#Cc1coc(CCCCCCc2nc(-c3ccccc3)no2)c1
93,O=[N+]([O-])c1ccc(OCCCCOc2ccc3ccoc3c2)cc1
94,CSc1coc(N2CCC(c3ccc(N=[N+]=[N-])cc3)CC2)n1
95,Cc1ccc2nc(C3C=NN(CCCCN=[N+]=[N-])CC3)oc2c1
96,Cc1nc2ccccc2cc1OCCCN1CCC(N=[N+]=[N-])CC1
97,N#CN(CCC1CCC(CCCCN2CCCC2)CC1)N=[N+]=[N-]
98,[N-]=[N+]=NC1CN1CCCCc1coc(-c2coc3ccccc23)n1
99,O=[N+]([O-])c1cc(C2=CCC(CCCCCCOCO)CC2)co1
100,O=[N+]([O-])c1ccc(CCCN2CCc3cc([N+](=O)[O-])ccc32)cc1
101,O=NC(c1ccc(N2CCCCC2)cc1)c1ccc([N+](=O)[O-])cc1
102,O=[N+]([O-])c1ccc2c(C3=NN(CCC4CCC4)CC3)coc2c1
103,O=NC1=C([N+](=O)[O-])CCN(CCCCCC2CCCCC2)CC1
104,O=[N+]([O-])c1cc([O-])c2oc3c(c2c1)CCC3COc1ccccc1
105,O=[N+]([O-])c1ccc(OCc2noc3ccccc23)c2ccccc12
106,[N-]=[N+]=NCCOc1ccc2oc3sc(-c4ccccc4)nc3c2c1
107,CCCCCC(CC1CCCC1(C)[N-])=NOC(=O)c1ccco1
108,N#CCCN(CC1CC1)N=Nc1ccc(N2CCC2)cc1F
109,COc1coc2c1C=C(c1ccnc3c([N+](=O)[O-])cccc13)CC2
110,COc1cc2cc(N=[N+]=[N-])oc2cc1CCN(C)CC1CCC1
111,CCCN(C#N)C1CCN(c2cccc3c([N+](=O)[O-])cccc23)C1
112,C[SH](=O)(CCCC1CCCC1)Oc1ccc([N+](=O)[O-])cc1
113,CC1=NC(CCCOc2ccc3c([N+](=O)[O-])nccc3c2)CC1
114,N#CCCN1CCC(COc2cccc3ccc(=N)oc23)CC1
115,CCN(C)c1ccc(-c2cccc(-c3ccc([N+](=O)[O-])o3)n2)cc1
116,O=[N+]([O-])c1ccc2c(c1)OOC21CCN(CC2CCCCC2)O1
117,CCCC1CCN(CCCOc2ccc(C#N)cc2[N+](=O)[O-])CC1
118,Cc1ccc(N2CCC(CCCCCCC#N)C2)nc1[N+](=O)[O-]
119,CCCCCCCCCCCOCc1ccc2no[n+]([O-])c2n1
120,O=[N+]([O-])c1ccc(OCCCCC2CCCc3cccnc32)o1
121,N#CCCCCCCCCN1CCc2cc([N+](=O)[O-])ccc2C1
122,CCCOc1cc([N+](=O)[O-])c(OCC2CC2)nc1-c1ccoc1
123,CN(C)c1cccc2oc(-c3coc4ccc([N+](=O)[O-])cc34)cc12
124,COc1cc([N+](=O)[O-])oc1OCCCCCC1CCC(C)CC1
125,C=C1CCN(CCc2cnccc2N=Nc2ccccn2)CC1
126,[N-]=[N+]=Nc1ccc2c(OCCCN3CCCC3)cccc2c1O
127,CC(C)=CCCCN1C=C([N+](=O)[O-])N(c2ccc(C#N)cc2)CC1
128,CCCCCN1CCC(c2nc(-c3ccc(N=[N+]=[N-])cc3)no2)C1
129,O=Nc1ccc(CCN2CCC(c3ccccc3[N+](=O)[O-])CC2)o1
130,O=NC1CC=C(CCCCOc2cccc3ccoc23)C(=O)C1
131,O=[N+]([O-])Oc1ccc2oc(CCCCCC3CCCO3)cc2c1
132,O=[N+]([O-])c1ccc2c(OCCCCN3CCCC3)cccc2n1
133,CCCCOc1c2occc2cc2cc([N+](=O)[O-])cc(OC)c12
134,COC(=O)Oc1ccc2c(c1)CCC(c1cccc(N=[N+]=[N-])c1)C2
135,CN(C)CCCCCCCC1CCc2oc([N+](=O)[O-])cc2C1=O
136,CCCCCCCC1CCN(c2cncnc2[N+](=O)[O-])CC1C
137,Cc1nc2sc(N=[N+]=[N-])cc2cc1CCCCN1CCCC1
138,CCCCCCCCCCCCc1oc(N2CC2)nc1[N+](=O)[O-]
139,O=[N+]([O-])c1cc(OCCCCCN2CCCC2)c2ccoc2c1
140,[N-]=[N+]=NCCCCCCCCN1CCC(c2nncs2)CC1
141,C=[N+]([O-])N=NN=Nc1cccc(CN2CCN(CCCC)CC2)c1
142,Cc1cc(Cl)ccc1-c1nc([N+](=O)[O-])c(N2CCCCC2)o1
143,CCCCCCCCCCC1c2nccnc2CCN1[N+](=O)[O-]
144,CCCN1CCC(Cc2oc3ccccc3c2N=O)C(C#N)C1
145,CCCCCCS(=N)(=O)CCCCCCc1cc(C#N)on1
146,CCCCCCCCCCCC1CCCn2nc([N+](=O)[O-])nc21
147,O=[N+]([O-])c1cccc(CSc2nccc(-c3ccccn3)n2)c1
148,N#Cc1ccc(OCCCCCCCCc2coc(C=O)n2)cc1
149,CCN([O-])N=Nc1cc(-c2coc(-c3ccccc3)c2)coc1=O
150,COc1c(N=NN(Cc2ccccc2)[N+](=O)[O-])ccc(C)c1F
151,[N-]=[N+]=NCc1cc2ccc(OCCCN3CCCCC3)cc2o1
152,CN=[N+]([O-])c1cc(Cc2ccccn2)ccc1N=NN(C)C1CC1
153,O=S(=O)(Oc1cccc2ccoc12)c1cc2ccccc2o1
154,O=[N+]([O-])c1nccn1CCCCCCCCCCc1ccoc1
155,O=[N+]([O-])c1noc2ccc(OCCCCCc3ccccc3)cc12
156,N#CCCCN(CCC1CC1)Cc1cc2oc([N+](=O)[O-])cc2s1
157,CCCCCCCN1CCC(=NOc2ccc([N+](=O)[O-])o2)CC1
158,CC(C)(C)N=NCCCCCN1CCC(c2ccc([N+]#N)o2)C1
159,[N-]=[N+]=Nc1oc(=O)ccc1CN1CCCC1CN1CCCCCC1
160,O=C1CCN(CCCCCCCOc2ccc([N+](=O)[O-])cc2)C1
161,N#CC1(c2ccccc2)CCN(CCCCCCCN=[N+]=[N-])CC1
162,O=[N+]([O-])c1ccc2oc(COCCCCC3CCCC3)nc2c1
163,C#CCCCOc1ccc(-c2nc3cc([N+](=O)[O-])ccc3o2)cc1
164,O=[N+]([O-])c1cccc(OCCCCCCCCOc2ccco2)n1
165,O=Nc1cc(CCCCCCCCN2CCCC2)ccc1[N+](=O)[O-]
166,C=CC(C)C(CCCCN1CCOc2ccccc2C1)N=[N+]=[N-]
167,Cc1noc([N+](=O)[O-])c1C1CCc2ccc3ccccc3c2OC1
168,N#[N+]c1cc2c(s1)CN(CCCc1ccc([N+]([N-])[O-])cc1)C2
169,O=C1CCC(=O)c2c1ccc1c2c(=O)oc2ccc3occc3c21
170,CN1CCC(CCN2CCC(c3cc(N=[N+]=[N-])ccn3)CC2)N=N1
171,O=[N+]([O-])c1ccc2nc(SCCC3CCCCC3)n([O-])c2c1
172,[N-]=[N+]=Nc1cnc(Cc2cccc(OCCCN3CCCC3)c2)o1
173,COc1ccccc1OCCCOc1ccc2cc([N+]#N)oc2c1
174,CCCCCN1C2C=C(N=Nc3ccnc([N+](=O)[O-])c3)CC1CC2
175,O=[N+]([O-])c1cc(N2CCCC2)c2onc(C3CCCCC3)c2c1
176,CN(CCC1=CCCC1Oc1ccccc1-c1ncco1)[N+](=O)[O-]
177,CCCCCCCOCC1=Nc2cc(O[N+](=O)[O-])ccc2CC1
178,O=NCCCCN1CCC(c2ccc3cccc([N+](=O)[O-])c3c2)O1
179,Cn1c(C2CCCO2)cc(OCCCN2CCCC2)c1N=[N+]=[N-]
180,O=NCCCCCCCCC1CCc2c(ccc3nonc23)C1
181,[N-]=Nc1ccccc1-c1nn(CCCCCCOc2ccccc2)o1
182,CC1(CN=[N+]=[N-])CCN(CCCCCc2nc3cccnc3o2)C1
183,O=Nc1nc(-c2ccccn2)oc1OCCCCc1ccccc1
184,CCCN(CCN=[N+]=[N-])C1=NC(c2cc3ccccc3o2)CC1
185,O=[N+]([O-])c1ccc2c(c1)OCCC2CCCC1CC=CCCN=N1
186,N#CCCCCCN1CCN(c2ccccc2Cl)C1N=[N+]=[N-]
187,CCCCCCCCN1CCCC(c2nc([N+](=O)[O-])co2)C1
188,[N-]=[N+]=NCCCCN1CCC(Cc2nnc(-c3ccccc3)o2)C1
189,CN=Nc1ccc(OC2CCN(CC3CC3)CC2)c(N=[N+]=[N-])c1C
190,[N-]=[N+]=Nc1nnc(C2CCCN(CCCc3ccccc3)C2)s1
191,CCCCN(CCC)Cc1cccc(-c2ccc([N+](=O)[O-])o2)n1
192,N#Cc1cc2cnc(OCc3ccc(F)c([N+](=O)[O-])c3)cc2s1
193,CCCCCCN1CCCCCC(c2ncc([N+](=O)[O-])o2)CC1
194,[N-]=[N+]=NC1CCN(CCCc2cc3c(ccc4soc43)o2)CC1
195,C=CCn1cc(-c2c3cccc-3oc3ccc([N+](=O)[O-])cc23)cn1
196,CCCCCCCN1CCN(c2cc(N=O)ccc2[N+](=O)[O-])CC1
197,O=c1ccc2c(OCCN3CCC4C3=Nc3conc34)cccc2o1
198,COc1cc([N+](=O)[O-])c2oc3c(c2c1)Cc1ccc2onc(C)c2c1-3
199,[N-]=[N+]=NCCC1CCc2cc(OCCCN3CCC3)ccc2C1
200,c1cn(CCCCCCCCCCCCCn2cncn2)cn1
201,C=CCCCCCCCCCCCCn1nc([N+](=O)[O-])nc1C
202,O=[N+]([O-])c1ccc(N2CCC(CCCCc3ccco3)CC2)o1
203,CC1CCCCN1c1c2oc(=O)cc-2oc2cccc([N+](=O)[O-])c12
204,[N-]=Nc1cc2ccc(CCN3CCC(=Cc4ccoc4)CC3)nc2o1
205,O=[N+]([O-])c1cccc(-c2nc3ccc(-c4cccnc4)cc3o2)c1
206,CCCCCCOCC1CCN(Cc2ccc([N+](=O)[O-])o2)CC1
207,O=[N+]([O-])c1cc(C2CCN(CCCCc3ccccn3)C2)co1
208,O=Nc1nonc1CCCCCCCc1ccc2c(c1)CCCO2
209,O=C1c2ccccc2CCC1CCCCCCCc1nnno1
210,CCCCOc1ccccc1CCCCn1ccnc1[N+](=O)[O-]
211,N#Cc1nc(-c2ccc(OCCCN3CCCC3)cc2)ccc1[N+]#N
212,CCCN1CCCC(COc2ccc3cc(N=[N+]=[N-])oc3c2)C1
213,CCC(C)Oc1ccc(C2COC(N=[N+]=[N-])C(N(C)C)C2)cc1
214,CCCCCCCC1CCN(Cc2cc([N+](=O)[O-])oc2[O-])CC1
215,CCCCCCCCOc1nccc2cc3c(=O)c(=O)c3nc12
216,O=[N+]([O-])c1cccc(CCCCCCCCCn2ccnc2)n1
217,N#[N+]c1oc(CCCC2CCN(Cc3ccoc3)CC2)c(F)c1[O-]
218,O=[N+]([O-])c1ccccc1CCCCCCCCCCn1ccnn1
219,CCCCCN(Cc1coc(C=C[N+](=O)[O-])c1)Cc1ccco1
220,CCCCCCN1CCC(=NCc2ccc(N=[N+]=[N-])cn2)CC1
221,CCCCCCCCCCn1cnc2o1C(c1ccco1)=C[N+]=2[O-]
222,[N-]=[N+]=Nc1nc2ccccc2nc1CCSc1ccccc1
223,CC1CCN1Cc1cnc(N=[N+]=[N-])c(OCC2CCCCC2)c1
224,C=C1CCC2c3snc(OCCCN=[N+]=[N-])c3OC1(C)C2C
225,CCC1CCNC(CCOc2cc3c(=O)ccoc3cc2N=[N+]=[N-])C1
226,O=Nc1c(S(=O)(=O)OC2CCCCC2)ccc2ccccc12
227,CN1CCC(CCCCN([N+]#N)c2coc3cc(C#N)ccc23)C1
228,CCCC1CCCN(CCc2noc3cc([N+](=O)[O-])ccc23)C1
229,[N+]=NCCCCCN1CCC(c2coc(-c3ccccc3)n2)CC1
230,CCCOc1cccc2oc(=O)cc(-c3ccc([N+](=O)[O-])cc3)c12
231,O=[N+]([O-])c1ccccc1OCc1coc(-c2ccc(F)cc2)n1
232,[N-]=[N+]=Nc1cc(C2CCN(CCCCCCS)CC2)ncn1
233,CCCCCN1CCC(n2cnc3cc(CN=[N+]=[N-])oc32)CC1
234,[N-]=[N+]=Nc1cc(OCCN2CC=C(c3ccccc3)CC2)ccn1
235,N#Cc1ccc(OCCCCCOc2cccc3ccoc23)nc1
236,COc1cc(N=[N+]=[N-])cc2cc(OCCCN3CCCC3)ccc12
237,COCCCCCCCc1coc(-c2cccc([N+](=O)[O-])c2)n1
238,[N-]=[N+]=NCCCCC(=O)Oc1cccc2c1C1CCC(O1)S2
239,CCCCCCCCCN1CCC(c2cc([N+](=O)[O-])on2)CC1
240,Cc1cc2oc(=O)oc2cc1OCCCCc1cccc(N=O)c1
241,COc1cc2cc([N+]#N)oc2c(OC)c1OCC1CCCCC1
242,O=[N+]([O-])c1ccccc1OCCCCCC1Cc2cncnc2C1
243,CN1CCN(c2oc3ccccc3c2-c2ccc(N=[N+]=[N-])o2)CC1
244,COc1cc2c(=O)cc(-c3ccccc3)oc2cc1OCCC#N
245,N#CCCCCCCCCC1CCC(C#N)C(n2ccnc2)C1
246,N#Cc1cc2ncc(-c3cccc4c5cc(cc34)OC=C5)nc2cn1
247,CCOc1cc2cc(OCc3ccc([N+](=O)[O-])cc3)ccc2o1
248,C=Nc1ccc(OCCCCN2CCCCC2CC#N)cc1C#N
249,CCCCCCCN1CCC(=Cc2ccc([N+](=O)[O-])o2)CC1=O
250,[N-]=[N+]=Nc1ccsc1C1=CN(CCCOc2ccccn2)CC1
251,Cc1oc(OCCCOc2cccc([N+](=O)[O-])c2)c2ccccc12
252,CCCCCCCN1CCCC(CCc2coc([N+](=O)[O-])n2)C1
253,C#CCCOc1ccc2cc(-c3cc(=O)cco3)cc(N=O)c2c1
254,N#CCCCCCCCCCCCCc1cnc(C2CO2)nn1
255,CN1CCC(=NOCCCCC2CCCC2)CC(N=[N+]=[N-])C1
256,N#CCCCCCCCN1CCC(=Cc2ccc([N+](=O)[O-])o2)CC1
257,CC(=O)COc1sc(N=[N+]=[N-])cc1OCC1CCCCC1
258,CN(N=Nc1cc(C#N)cc(CN2CCCC2)n1)c1ccccc1
259,[N-]=[N+]=NCCCCC1CCCc2ccc(OCCCN3CC3)nc21
260,O=NC1CCCCN1CCCCc1nc(C2CCCCC2)no1
261,Cc1cc(C#N)oc1CCCCCCCCCC1COC(=O)C1
262,O=[N+]([O-])c1cc(CCCCN2CCC(c3ccccc3)C2)no1
263,[N-]=[N+]=NC1=CC(=N)S2=C(CN(CCCc3ccccc3)CC2)O1
264,N#Cc1ccc(OCCCCCCCCCc2cnon2)cc1
265,O=[N+]([O-])c1cccc2onc(C3CCN(c4ccccc4)CC3)c12
266,O=[N+]([O-])c1ccc2c(c1)C(CCCc1nc(C3CC3)no1)CC2
267,C=[N+]([O-])N=NN=Nc1cccc(C2=CN(Cc3cccnc3)CC2)c1
268,N#CCCCN1CCC(CCCCn2ccc([N+](=O)[O-])c2)CC1
269,O=CCCCCCCCCCc1cn2cc([N+](=O)[O-])ccc2n1
270,CCCCCCn1cc(-c2ccc3cc([N+](=O)[O-])ccc3c2)nn1
271,COc1c(N=[N+]=[N-])ccc2cc(OCCN3CCCCC3)ccc12
272,O=C1CCC(c2ccc(Sc3ccccc3[N+](=O)[O-])nc2)C1
273,CC=C1CCC(C2CCc3cccnc3O2)c2oc([N+](=O)[O-])cc21
274,O=Nc1cc2ccc([N+](=O)[O-])cc2n1CCCCN1CCCC1
275,CCCCCCCCCCc1nnc2cc([N+](=O)[O-])ccc2n1
276,N#CCCCCN1CCC(c2coc3cc([N+](=O)[O-])ccc23)CC1
277,O=[N+]([O-])C1CCN(CCCCCCCCc2ccoc2)C([O-])C1
278,O=[N+]([O-])OCCCCCCCC1CC(CC2CCCCC2)=NO1
279,CCCCN(C)CC1CCC(c2oc([N+](=O)[O-])c3ccoc23)O1
280,[N-]=[N+]=Nc1ccc2oc(-c3ccc(CN4CCCC4)cc3)nc2c1
281,CCCCC1=NN(CCCOc2cccc([N+](=O)[O-])c2)CCC1
282,O=[N+]([O-])c1ccc(C=CCCCN2CCC(c3cnco3)CC2)o1
283,O=[N+]([O-])c1ccc(C2CCN(CCCCC3=CCCC3)CC2)o1
284,O=[N+]([O-])c1cc(C2CCN(CCCCC3=CCCC3)CC2)no1
285,CCCCCCCC(=O)OC1CCN(CCCC(=N)[N-][N-])CC1
286,C=Nc1ccc(C2CC(=O)c3c(OCCCC)cccc3O2)o1
287,CN1CCC(CC=C(OC(C)(C)C)c2ccc([N+](=O)[O-])o2)CC1
288,O=[N+]([O-])c1occc1CCCCCC1CCc2ccccc2O1
289,N#CCCCCCCCCCCCCCC1=C(N=O)C(=O)OC1
290,CCCCCCCN1CCN(c2cccc(N=O)c2[N+](=O)[O-])CC1
291,[N-]=[N+]=NCCCCCCCCN1CCC(c2ccccc2)NC1
292,[N-]=[N+]=Nc1ccc(Oc2cccc(OCCN3CCCC3)c2)nc1
293,O=[N+]([O-])c1ccc2oc(CCCCCCn3ccnc3)cc2c1
294,O=[N+]([O-])c1ccc2onc(C3CCN(Cc4ccccc4)C3)c2c1
295,O=[N+]([O-])c1cccc(C2CN2CCCCCCc2ncco2)c1
296,CCCC=Nc1cccc2c(-c3cnn(C)c3)ccc([N+](=O)[O-])c12
297,CCCCCN(CCCCC)CCN1CCOOC(N=[N+]=[N-])C1
298,N#CC(=O)CCCCCCOc1cccc2ccc3oncc3c12
299,CN(CCC#N)CC1CCCN(Cc2ccc(N=[N+]=[N-])cc2)CC1
300,CCC(=C1CCCCC1c1cnco1)c1ccc([N+](=O)[O-])s1
301,CC[SH](=O)(Oc1ccc2oc([N+]#N)c(C)c2c1)c1ccccc1
302,O=[N+]([O-])c1ccc(CCCCCCCCCc2cccnc2)nn1
303,Cc1oc(OCCCN2CCC(n3cccc3)C2)cc1N=[N+]=[N-]
304,CCCOc1cccc(COc2cccc3oc([N+](=O)[O-])cc23)c1
305,CCCOc1cccc(-c2oc3cc(C#N)cc(OC)c3[o+]2)c1
306,CC1CCC(C)(CC(C)(C)C)OC1CC1O[N+]([O-])=NN([O])C1C
307,[N-]=[N+]=Nc1ccc2occ(C3CCN(Cc4cscn4)C3)c2c1
308,O=[N+]([O-])c1cc2oc(CCCCCCN3CCCCC3)nc2o1
309,Cc1ccc(OCCCn2oc3ccccc32)cc1CN=[N+]=[N-]
310,[N-]=[N+]=Nc1ccc(CCCCN2Cc3ccccc3OC2=O)cc1
311,CCCCOC1=c2ocnc(=O)c2=C2OC(=C1)Oc1ccccc12
312,N#Cc1ccc(OCCCCCCc2nc3ccccc3o2)nc1
313,O=[N+]([O-])c1con1CCCCCCCOC1CCc2ccccc21
314,C#C[N+](=Nc1cc(C2CC2)c(OCC2CC2)c(OC)n1)C(=O)F
315,CN(C)C1CCC(c2ccoc2)CC1CCCCCN=[N+]=[N-]
316,[C-]#[N+]c1cc(C#N)c(OCCCCCCn2cccn2)c(C#N)c1
317,CCCCCCCC1CCN(CCc2oc([N+](=O)[O-])cc2C)O1
318,Cc1nc([S+]([O-])=NC#N)ccc1N=CCCC1CCCCC1
319,N#CCCCCCCN1CCC(c2ccccc2[N+](=O)[O-])CC1
320,CCCCCCCCCCCN(CC)Cc1cnc([N+](=O)[O-])o1
321,CCCCCCOc1cnc2c(c1)CCC2CCCO[N+](=O)[O-]
322,CCCCCCC1c2c(c(=O)oc3noc([O-])c23)CCC1(C)C
323,[N-]=[N+]=Nc1ccnc(N2CCC(CCCCCn3ccnc3)C2)c1
324,Cc1nccn1CCCCCc1oc2ccccc2c1[N+](=O)[O-]
325,[N-]=[N+]=NC1CCN(CCCCCc2cc3ccccc3nn2)CC1
326,O=[N+]([O-])N1CCCC1c1ccc(Oc2cccc3ocnc23)cc1
327,Cc1c([N+](=O)[O-])oc2cc(OCCCOCc3ccco3)ccc12
328,CCCCCCCCCCOc1ccc2oc(=O)nc(N=O)c2c1
329,CCC(=O)CCCCCCCCCCCn1cnc([N+](=O)[O-])c1
330,COc1ccccc1OCCCCCCCCc1cc(N=O)no1
331,CC1(O)CN(CCCCCC2CCCC2)CCC1CN=[N+]=O
332,N#Cc1cc(-c2cccc3c(CCCc4ccccc4)noc23)no1
333,CC1=NOC(CCN2CCC(c3cccc(N=[N+]=[N-])c3)CC2)S1
334,[N-]=[N+]=Nc1nc2ccc(OCCCCCN3CCCC3)cc2o1
335,CCCC1CCN(CC(ON=[N+]=[N-])c2ccccc2OC)CC1
336,CCCCCC1(F)C=CC(c2ccc(OC)nc2)OC1N=[N+]=[N-]
337,[N-]=[N+]=Nc1ccsc1C1=CN(CCCC=Cc2cnco2)CC1
338,O=c1oc2c(cc1[N+](=O)[O-])CCN2CCCCC1CCCCC1
339,[N-]=[N+]=NCCCCCCCCCCCN1CC2COC2CC=N1
340,CCN(N=Nc1cnccc1CCCCCN1CCCCC1)[N+]#N
341,N#[N+]c1ccccc1OCCCCCCCCCCn1cnnc1
342,N#CCC(=O)CCCCN1CCC(c2cccc([N+](=O)[O-])c2)CC1
343,CCc1cc(=O)oc2c(OCCCCCCCN=O)cccc12
344,O=[N+]([O-])c1cc(OCCCCCC2CC2)cc(-c2ncco2)c1
345,CCCCCCCCCCC1CCc2ccnc([N+](=O)[O-])c2O1
346,C=C1c2sc(N=[N+]=[N-])cc2CN1CCc1noc2ccccc12
347,N=C1CN(CCCCc2ccc(N=C=O)cc2)C(c2ccco2)=N1
348,CCCN(c1ccoc1)c1ccn(Cc2cc(N=[N+]=[N-])ccn2)c1
349,CC(=O)CCCC(C)=CCCCN1CCC(CN=NN=O)CC1
350,CCN(CC)CCOc1ccc2c(C3CC=[N+]([O-])N=N3)coc2c1
351,O=[N+]([O-])c1cccc(CCCCCCCCCCn2cno2)c1
352,CCN(C)c1cc(OCCCN2CCCCC2)ccc1N=[N+]=[N-]
353,O=[N+]([O-])N1CCCCC1CCCCn1cc(-c2ccccn2)o1
354,COc1cc([N+](=O)[O-])ncc1OCCCCCC1CCCCC1
355,N#CCn1nnc(CCCCCCCCc2ccccc2)c1C#N
356,CCCCN1CCC(CN=[N+]=Nc2cc(OC)cc(=O)o2)CC1
357,CCCCCCCN1CCCC(=O)CC1c1ccc([N+](=O)[O-])o1
358,CC1CCN(CCCCCCC2CCCN=C2[N+](=O)[O-])CC1
359,CCCCCCCn1cc(-c2cccc(Cl)c2[N+](=O)[O-])nn1
360,O=[N+]([O-])C=Cc1ccc(CCN2CCC(c3ccoc3)CC2)o1
361,CCN(C)CCCC1Cc2ccc(N=NCC[N+](=O)[O-])cc2C1
362,CN(C)CCCOc1cc(-c2nc3ccccc3o2)ccc1N=[N+]=[N-]
363,N#Cc1cc(CCCC=NOCc2ccccc2)ccc1[N+](=O)[O-]
364,O=[N+]([O-])c1occc1OCCCN1CCC(c2ccccc2)C1
365,CN1CCC(CCCCCCCCc2cc(N=[N+]=[N-])no2)CC1
366,CN1CCC=C1CCCCCCCCCCCc1c(N=[N-])on1C
367,C=C(CCCCN1CCCC1)c1cc2c(N=[N+]=[N-])cnn2cn1
368,C=Nc1cc2c(cc1[N+](=O)[O-])CCC(CCCCn1ccnc1)=C2
369,CCCCCN1CCC(c2sc([N+](=O)[O-])cc2[N+](=O)[O-])CC1
370,[N-]=[N+]=NCC1=CCCCN1CCCc1ccc([N+](=O)[O-])s1
371,[N-]=[N+]=Nc1coc2ccc(OCCCCCCN3CCC3)nc12
372,Cc1cnc(CCCCCCCCCc2cc(C#N)ccn2)o1
373,N#Cc1ccccc1N1CCN(CCCCCCCN=[N+]=[N-])CC1
374,O=[N+]([O-])c1ncccc1-c1ccn(CCCCC2CCCC2)n1
375,Cc1nonc1OCCCCCCCCCCc1ccc[n-]1=O
376,O=[N+]([O-])c1ccc2cc(CCCCCCn3cccn3)oc2c1
377,COc1oc2cc(OCCC3CC3)c3ccccc3c2c1[N+](=O)[O-]
378,Cc1cccc(C2CC2COc2ccc3cc([N+](=O)[O-])oc3c2)n1
379,CSCc1c(N=[N+]=[N-])ccc2oc(CCN3CCCC3)nc12
380,O=C1C=CC(CCCCCCCc2coc(-c3ccoc3)n2)O1
381,[N-]=[N+]=Nc1nc2ccc(OCCCCCN3CCCC3)cc2o1
382,CC1=NN(CCCc2ccc3nccc(N=[N+]=[N-])c3c2)CCC1
383,[N-]=[N+]=NCCCCCCCN1CCC(c2ccsc2)C(=O)C1
384,CN(C)CCOc1ccc(-c2cc3cncc(N=[N+]=[N-])c3o2)cc1
385,Cc1c(CCCCCCCCCCCN2CC=NC2)no[n+]1[O-]
386,N#CCCCCCCCC1CC(=O)c2ccc(SC#N)cc21
387,C[N+](=Nc1ccc([N+](=O)[O-])cc1)c1cc(CCN2CCC2)co1
388,O=[N+]([O-])c1ccc2c(c1)CCC(CCCCCOc1ccon1)C2
389,CCCCCCCCCN1CC=C(c2ccc([N+](=O)[O-])o2)C1
390,N#Cc1c(N=NN=Nc2ccccc2)ccn1CCCN1CCC1
391,CN1CCC(CCCc2ccc(N=NN(C)C)cc2N=[N+]=[N-])CC1
392,c1cnc2oc(-c3nocc3OCCCC3CCCC3)cc2c1
393,Cc1nc(C2CC=C(CCCCc3ccc(N=O)cc3)CC2)no1
394,CCCCCCCN1CCCN(c2cccc(N=O)c2[N+](=O)[O-])C1
395,[N-]=[N+]=NCCCCCCn1cnc(CN2CNc3ccccc32)c1
396,C=CCCCCN1CCC(c2noc3cc([N+](=O)[O-])ccc23)CC1
397,N#CCCCCC=NC(CN1CCCC1)c1ccc([N+](=O)[O-])cc1
398,CC(CCCN1CCCC1)Oc1cccc2c1OCC2N=[N+]=[N-]
399,CCCCCCn1cnc2cc3c(N=[N+]=[N-])cc(OC)cc3nc21
400,COc1cccc(N=CCC2CCc3ccc([N+](=O)[O-])cc3O2)c1
401,[N-]=[N+]=NCCCCCCCN1CCC(c2nc3cccnc3o2)CC1
402,N#CCCCN1CCC(CCCCCc2ccc([N+](=O)[O-])o2)CC1
403,[N-]=[N+]=NN(N=Nc1cccc(CN2CCCC2)c1)c1ccccc1
404,[N-]=[N+]=NCCCCCCN1CCC(c2noc3ccsc23)C1
405,CCCCCCCN1CCN(c2cccc(N=O)c2[N+](=O)[O-])CC1
406,O=[N+]([O-])c1cccc(-c2nc3cccc(N4CC=CCC4)c3o2)c1
407,O=C(CCCCCCCCCc1coc(=O)o1)c1cccnc1
408,CCCCCCCOc1ccc(-c2ccnnc2[N+](=O)[O-])cc1
409,[N-]=[N+]=Nc1ccc2occ(C3CCN(c4ncccn4)CC3)c2c1
410,C[SH](=O)(Oc1ccc2ccc(N=[N+]=[N-])cc2n1)c1ccc(Cl)s1
411,CON=C1CCC(N=[N+]=[N-])N1CCCCSc1ccccc1
412,N#CC1(CN(CCCCCCO[N+](=O)[O-])C2CCCC2)CCC1
413,CCN(CCCC(C#N)Cc1ccoc1)N=Nc1ccccn1
414,CCCCCN1CCC(c2noc(-c3cccc(N=[N+])c3)n2)CC1
415,CCCCC(=O)c1cccc(OCCCCn2ccc(N=O)c2)c1
416,COc1ccc2onc(CCCCC=C(C#N)c3ccco3)c2c1
417,CCCCCCCCN1CCCc2ccc([N+](=O)[O-])c([N+](=O)[O-])c21
418,CCOc1ccc2nc(-c3cc(Cl)cc([N+](=O)[O-])c3)oc2c1
419,CCCCCCCN1CCN(c2cc3oc(N=[N+]=[N-])cc3o2)CC1
420,O=[N+]([O-])c1cc2cc(N3CCC4(CC3)CC4)oc2cc1-c1ccoc1
421,O=[N+]([O-])c1cn(CCCCCCCCCCc2ccccc2)nn1
422,CCCN1CCCC1c1ccc2oc(C=O)c(OC)c2c1N=O
423,O=[N+]([O-])c1noc2cc(OCCCCCCCCCF)ccc12
424,O=[N+]([O-])c1ccc2c3c(oc2n1)CCOc1cccc(Cl)c1-3
425,N#Cc1ccc(OCCCC2CCN(c3ccco3)C2N=[N+]=[N-])cc1
426,CC1(CN=[N+]=[N-])CCN(CCCCSc2cccnn2)CC1
427,O=[N+]([O-])c1cccc(-c2cnnn2-c2ccc3ccccc3c2)c1
428,Cn1c(CCCCCCCCCc2cccnc2)nnc1N=[N+]=[N-]
429,CN(CCCCCCCCCCCCN1CCC(=O)C1=O)N=O
430,CC1CCCCN1CCCCCCCc1cc([N+](=O)[O-])oc1[O-]
431,CC(=O)N=NN=NN(C)CCc1cccc(Oc2ccccc2)c1
432,C=C(C)CCN1CCC(c2cc(N=[N+]=[N-])cnc2SC)CC1
433,O=[N+]([O-])c1cccc2cc(CCCCOc3ccccc3)oc12
434,[N-]=[N+]=Nc1cnc(-c2cccc(N3CCC(CC4CCC4)C3)n2)o1
435,O=c1cccc(CCCCCCCCCCCCc2nn[n-]n2)o1
436,[N-]=[N+]=Nc1nc(-c2ccccc2)oc1CN1CCC(c2ccoc2)C1
437,O=[N+]([O-])c1cccc(C2CCC(OCC3CCCCC3)OO2)c1
438,N#CCCCCCOCCCCCCOc1cccc(C#N)n1
439,O=[N+]([O-])c1ocnc1N1CCC(CCCc2ccccc2)CC1
440,N#CCCCCCCCCCCCn1nc(C2CC2)cnc1=O
441,Cn1cc(-c2cc3ccccc3o2)nc1-c1ccc([N+](=O)[O-])cc1
442,[N-]=[N+]=Nc1ccc2c(c1)C(c1cnns1)OC(CCCl)C2
443,N#CCCCCN1CCC(n2ccc3cc(N=[N+]=[N-])ccc32)CC1
444,[N-]=[N+]=NCCCCCCN1CCCC(c2cc3c(o2)CCO3)C1
445,CCCCCCCCCN1CCC(c2nc(CN=[N+]=[N-])no2)CC1
446,N#CCCCCCCCCc1nc(C2Cc3ccccc3O2)no1
447,N=NN(CCCCCCCN1CCC(c2ccccc2)CC1)N=O
448,Cn1c(CCCCCCCCCc2ccccc2)nnc1[N+](=O)[O-]
449,CCCCOc1cc(=O)oc2c(CCC)c(OCCC#N)ccc12
450,[N-]=[N+]=NCCCOCc1cccc2oc3ccc4c(c3c12)CCO4
451,[N-]N1CC(CCCCOCCCCCCCCCN2CCC2)N=N1
452,CCCCCN1CCC(c2onc3cc([N+](=O)[O-])ccc23)CC1
453,Cc1c(OCCN(C)[N+](=O)[O-])ccc2noc(-c3ccccc3)c12
454,CN(C)CCc1cc2oc3ccc4cc(N=[N+]=[N-])ccc4c3c2o1
455,O=[N+]([O-])c1ccc(OCCCCCCCCc2ccccn2)nc1
456,O=[N+]([O-])c1nccn1CCCCCCCCCc1ccccn1
457,CC1CCCC=C1CCCCCCOc1ccc([N+](=O)[O-])cn1
458,N#Cc1ccc(OCCCCCCc2ccccc2)c([N+](=O)[O-])c1
459,[N-]=[N+]=NCCCCOc1ccc2c(c1)OC(c1ccoc1)CS2
460,Cc1ccc2oc(-c3ccc(OCCCO[N+](=O)[O-])cc3)cc2c1
461,N#Cc1c(OCc2cnc(-c3cccnc3)o2)ccc2ccccc12
462,CN(C)CCCC1CCN(c2oc3ccccc3c2N=[N+]=[N-])C1
463,O=[N+]([O-])c1ccc(C2=NN(CCCCCc3cccnc3)CC2)o1
464,[N+]=NCCCCCCCc1ccc2oc(-c3ncccn3)nc2c1
465,COc1cc2ccc3oc4c([N+](=O)[O-])cccc4c3c2cc1OC
466,C=C(CCCCCN1Cc2ccsc2C1)c1ncc(N=[N+]=[N-])o1
467,Cc1nc([N+](=O)[O-])cc(O)c1C1CCCc2oc3ccccc3c21
468,CCCCCCCN1CCC(c2ccnc(C#N)c2[N+](=O)[O-])CC1
469,O=[N+]([O-])c1cccc(-c2nc(C3CCCc4ccccc43)no2)c1
470,N#CCOc1ccc(OCCCN2CCCC2)cc1-c1cnco1
471,N#CSCCCCCC1CCC2c3cccc([N+](=O)[O-])c3OC12
472,O=[N+]([O-])OCCCCCCCOc1ccccc1-c1ccco1
473,CN(CC1CCOc2cc([N+](=O)[O-])ccc21)N=Nc1ccccc1
474,COc1ccc(-c2cc3ncccc3c(CCCCC#N)n2)cn1
475,CCc1cc2c(nc(N=[N+]=[N-])n2CCCCN2CCCC2)s1
476,N#CC=NN=Nc1c(OCCCN2CCC2)ccc2ncccc12
477,N#CCCCCCOCC1CCc2oc3ccc(C#N)cc3c2O1
478,COC(OCc1ccccc1)c1ccc2oc(N=[N+]=[N-])cc2c1
479,N#CCCCCCCCCCN1COc2ccc([N+](=O)[O-])cc2C1
480,CC(SCCCN1CCC(CCN=[N+]=[N-])CC1)c1ccoc1
481,COc1c(N=[N+]=[N-])ccc2ccc(OCCCN3CCCC3)cc12
482,CN(c1sc(C#N)cc1N=[N+]=[N-])C1CCCN1CCCCF
483,O=[N+]([O-])c1cccc(-c2cc3cnc(-c4ccccn4)cc3o2)c1
484,COc1cc(CCOc2ccccn2)c(OC)c(N=[N+](F)F)c1
485,CCCCN1CCC(c2oc(-c3ccncc3)cc2[N+](=O)[O-])CC1
486,N#Cc1ccc(CCCCCCCCCC2Oc3ncoc32)nc1
487,CN(CCC#N)CCCCCc1cc(N=O)c2occc(=O)c2c1
488,CCCN(CCC#N)Cc1cc(-c2cccc(N=O)c2)cn1C
489,Cc1nc(CCCCSc2cccnc2)cc2c1N(N)CCC2
490,CC=Nc1occc1C1CCN(Cc2cccc([N+](=O)[O-])c2)C1
491,CCCCCN1CCC(c2noc3cc([N+](=O)[O-])ccc23)CC1
492,N#CCCCCN1CCC(c2csc3cc(N=O)oc23)CC1
493,CCN1CC2N(CCCC2(C)C)c2cc(N=[N+]=[N-])cc(OC)c21
494,N#CCCCN1CC=C(CCCc2ccc(O)c([N+](=O)[O-])c2)CC1
495,O=[N+]([O-])c1ccnc(OCCCCCCCCN2CCCC2)c1
496,CCCCCCCCN(CCN(C)C)c1ccc([N+]([O-])=NC#N)o1
497,Cc1nccn1CCCCCCCCCc1occc1[N+](=O)[O-]
498,CCCCCCCn1ccc2c1Cc1c(C=C(C#N)C#N)noc1-2
499,CCCCCN1CCC(c2ccc3noc([N+](=O)[O-])c3c2)CC1
500,[N-]=[N+]=NCc1noc2ccc(OCc3ccccc3Cl)cc12
501,[N-]=[N+]=NC1CCN(CCCCCCCC(=O)c2ccco2)CC1
502,O=[N+]([O-])c1cc(Oc2cccc(CCCN3CCCC3)c2)co1
503,N#CC1CCCN1CCCOc1ccc2sc(N=[N+]=[N-])cc2c1
504,O=[N+]([O-])c1cccc(CCCOc2ccccc2-c2cnco2)c1
505,O=[N+]([O-])c1cc2c(cn1)ncn2CCCCCC1CCCCC1
506,[N-]=[N+]=NCCC1CCc2cc(CSc3cccnc3)ccc2O1
507,CCCCCN1CCCC(c2ccc3noc(N=[N+]=[N-])c3c2)C1
508,CC(=O)CCCCN1CCC(=Cc2ccccc2[N+](=O)[O-])CC1
509,O=Nc1cc([N+](=O)[O-])cc2c(OCCCN3CCCC3)cccc12
510,C=C1Cc2ccc(Oc3ncco3)cc2C2CCC([N+](=O)[O-])=CC12
511,[N-]=[N+]=NCCCN1CCC(c2nc3cc(Cl)ccc3o2)CC1
512,O=[N+]([O-])c1ccc(-c2noc(C3CCC(CC4CC4)CC3)n2)cc1
513,N#Cc1ccc(COc2cccc3oc(-c4ccco4)cc23)cn1
514,Cc1cc2c(c(=O)o1)C(=O)c1ccc3cc(-c4ccco4)oc3c1-2
515,O=[N+]([O-])C1=CC(CCc2ccccc2)=Cc2c(ccc3ocnc23)O1
516,O=[N+]([O-])Cc1cnc(CCCCCCCCCc2ccccn2)o1
517,N#CCCC1CCN(CCCCSc2ccc([N+](=O)[O-])o2)C1
518,O=[N+]([O-])c1ccc2c(-c3ccncc3C3CCCCC3)noc2c1
519,CCCCN(C)C1CCc2cc(OCCCN=[N+]=[N-])ccc2C1
520,[N-]=[N+]=Nc1cccc(CCCCCCn2nnc3ccccc32)c1
521,[C-]#[N+]c1oc(CCCN2CCC(c3ccccc3)=N2)cc1[N+](=O)[O-]
522,CN1CCN(CCCOc2cc3cc(N=[N+]=[N-])ccc3o2)CC1
523,N#CCCCCN1CCC(c2coc3ccc([N+](=O)[O-])cc23)CC1
524,CCCCCCN1CCC(CCOc2conc2[N+](=N)[O-])CC1
525,COc1cc(C2OC3CCCCC32)c([O-])c2ccc([N+](=O)[O-])cc12
526,CN(C)CCCOc1cccc(-c2coc3cc(C=O)oc23)c1
527,CCC1CCC(n2ccnc2C(=NOc2ccccc2)[N+]#N)CC1
528,CC1(C)Oc2sc(N=[N+]=[N-])cc2C1OC1Cc2ccccc2O1
529,O=[N+]([O-])c1cn(CCCCCCCCCN2C=NCCC2)cn1
530,CCN1CCC(CCCC=Cc2cc(N=[N+]=[N-])nn2CC)CC1
531,CCCCCOC1CCC2(CC1)CC(CCCCN(C#N)N=O)O2
532,[N-]=[N+]=Nc1cc2ccsc2cc1OCCCCN1CCC1=O
533,COCOc1cc([N+](=O)[O-])cc2nc(C3CCCCC3C)ccc12
534,CCCOCC1CCC(c2cnc3oc([N+](=O)[O-])cc3c2)CC1
535,O=Cc1cc2ccc(OCCCN3CCCCC3)c(N=O)c2o1
536,O=[N+]([O-])c1ccccc1OCN=C1CCCCc2ccccc21
537,O=[N+]([O-])c1ccc2cc3oc(-c4cn(C5CC5)nn4)cc3cc2c1
538,O=[N+]([O-])c1ccc2oc(CCCCCCCCCN3CC3)nc2c1
539,O=[N+]([O-])c1noc(CCCCCCCCCc2ccncc2)n1
540,N#CC1CCN(CCCCc2cc3ccc(N=[N+]=[N-])cn3c2)CC1
541,CCCCCCCN1CCC(=CC#N)C2=C1C=CCC2=O
542,[N-]=[N+]=NC1CCN(CCCCCCCCc2cccnc2)CC1
543,CN(N=O)C1CCN(CCCCCC2CCC2(C)N=NC#N)CC1
544,CCCCCc1cn(CCCCOc2ccc([N+](=O)[O-])cc2)o1
545,C=[SH]([N+]#N)(c1nc(=O)c2cc(Cl)ccc2o1)C1CCCC1
546,CCc1cc(C2=C(N=[N+])CC(COCc3ccccn3)CC2)no1
547,CN(C)CCCOc1ccc2cccc3c2c1CC3N=N[N+](=O)[O-]
548,N#[N+]c1cccc(C(=O)c2cnn(CCCC3CCCCC3)c2)c1
549,[N-]=[N+]=Nc1cccc2cc(O)c(OCCN3CCCCC3)cc12
550,CCOc1oc(-c2cc(=O)c3ccc(C(C)C)cc3o2)c[n+]1[O-]
551,Cc1cc2cc([N+](=O)[O-])c(OCCCCN3CCCC3)cc2o1
552,O=[N+]([O-])c1ncccc1COc1ccc2c(n1)C1CCCC2CC1
553,[N-]=[N+]=Nc1ccnc(CCCCn2ccnc2-c2ccccc2)c1
554,COc1cc(CCCCCCN=O)cc2oc(=O)cc(OC)c12
555,N#CCCN1C=C([N+](=O)[O-])N(c2ccc(-c3ccccc3)o2)CC1
556,C=C1CCN(CCCc2cc3ccccc3c(N=[N+]=[N-])n2)CC1
557,[N-]=[N+]=Nc1cc(CCCN2CCC=C(c3ccccc3)CC2)on1
558,CCCCCCCC1CCN(c2cc([N+](=O)[O-])cs2)C(=O)O1
559,N#[N+]c1nccn1CCCCCCCC1CCc2cccnc2O1
560,N#Cc1cc2cc(OCCCN3CCCCC3)ccc2o1
561,O=[N+]([O-])C=Cc1nc2ccc(OCCCN3CCCCC3)cc2o1
562,CCCCOc1ccc2c(c1)OC(c1cccc([N+](=O)[O-])n1)C2
563,O=NCCCCCCN1CCC(c2cccc([N+](=O)[O-])c2)CC1
564,[N-]=[N+]=Nc1ccc(CN2CCCc3c(oc4ccccc34)O2)cc1
565,Cc1c([N+](=O)[O-])cc(=O)cc2c(Sc3ccccn3)cccc12
566,Cc1c([N+](=O)[O-])nc(CCCN2CCC2)c2oc3ccccc3c12
567,CCCCCCCCCCc1ccc(OS(=O)(=O)CC#N)o1
568,Cc1nc(C2CCCc3c2n(C)c2ccc([N+](=O)[O-])cc32)oc1C
569,CCCCN(C)CCOc1ccc(-c2cc(N=[N+]=[N-])ns2)cc1
570,O=[N+]([O-])c1cc2c(OCCCCCCCC3CO3)cccc2o1
571,CC(=O)N=NN=NC1=CCN(CCCCOc2ccccc2)CC1
572,O=[N+]([O-])c1noc(-c2ccccc2OCC2CCC3CCC=C32)n1
573,O=[N+]([O-])c1cc(CCCCCCCCCN2CCCCC2)on1
574,O=[N+]([O-])c1ccc(C2CCC(c3ccc4ccoc4c3)O2)cc1
575,COc1ccc2oc3c(c2c1)-c1c(OCC#N)coc1CCC3=O
576,C=S(=O)(c1nc2ccccc2s1)c1cc(N=[N+]=[N-])ccc1F
577,N#Cc1ccc(CCCCCOc2ccc3ccc(=O)oc3c2)o1
578,CN(CCOc1cccc2cc(-c3cc4ccoc4o3)oc12)[N+]#N
579,[N-]=[N+]=Nc1cocc1-c1cc(OCCCN2CCCC2)ccn1
580,CCCCCCCCCCOc1ccc([N+](=O)[O-])c2ccnn12
581,O=NN1CCC(CCC(=NOC(=O)C2CC2)c2ccccc2)C1
582,C[SH](=O)(CCCN1CCCCC1)c1cccc([N+](=O)[O-])c1
583,CCCN(CC#N)c1cccc(-c2nnc(-c3cccnc3)o2)c1
584,Cc1occc1CCOc1cccc(OCCCN(C)N=N)c1
585,CCCCCCCCOc1c(O[O])c(C#N)cc2cc(C=O)oc12
586,CCCC1CCC(c2cc(=O)oc3nc(OC)ccc23)C1C#N
587,CN(CCCCCCn1ccnc1)Cc1coc(C=CC#N)c1
588,COC1CCC2(Oc3cccc(N(C#N)CCN=[N+]=[N-])c3)CC12C
589,O=[N+]([O-])c1cccc(CCCCCOc2onc3c2CCC3)c1
590,CN(N=Nc1cc(C2CCCCO2)on1)C1CCCCCC1=N
591,CCCCCCCN1CCCC(c2onc([N+](=O)[O-])c2C)CC1
592,COc1oc(CCCCCCN2CCN(C)CC2)cc1N=[N+]=[N-]
593,CCCCCN1CCCN(c2cc(N=[N+]=[N-])nc3cccnc23)C1
594,O=NCCCCCN1CCC(=Cc2ccc([N+](=O)[O-])s2)CC1
595,COCCCCCCCc1oc2cc([N+](=O)[O-])ccc2c1OC
596,COC(=O)c1ccc(Oc2ccccc2C(C)C)cc1[N+](=O)[O-]
597,O=[N+]([O-])c1ccc(CN2CCC(c3ccc([N+](=O)[O-])cc3)C2)cc1
598,[N-]=[N+]=NCCCCN1CCC(CCCSc2cnco2)CC1
599,[N-]=[N+]=Nc1cnc(N2CCC(c3cccc4ccccc34)C2)cn1
600,Cc1c(N=[N+]=[N-])oc2cc(OCCCN3CCCCC3)ccc12
601,O=[N+]([O-])c1ccccc1OCCCc1occc1OC1CCC1
602,O=[N+]([O-])c1cc2oc(CCCCC3CC3)nc2c2ccccc12
603,CCCCCN(c1ccco1)C(C)c1cc(F)cc(N=O)[n+]1[O-]
604,COc1cc(N=[N+]=[N-])nc(OCCCCN2CCC(C)CC2)c1
605,[N-]=[N+]=NCc1ccc(CCCCCCCCCn2ccnc2)nc1
606,[N-]=[N+]=Nc1cccc(-c2ccc3c(ccc4nc(C5CC5)cn43)n2)c1
607,N#CC(c1cccc(OCCC2CC2)c1)c1cccc([N+](=O)[O-])c1
608,N#Cc1cccc(OCCCN2CCC3(C2)N=Nc2ccoc23)c1
609,CCN(C)c1ccccc1N1CCC(c2coc(N=[N+]=[N-])n2)CC1
610,[N-]=[N+]=NCCCCOc1cccc2c1OCc1c-2ccc2c1CO2
611,[N-]=[N+]=NCCCCCCCN1CCC(c2noc(C3CC3)n2)CC1
612,O=[N+]([O-])c1cc2nc(CCCCCCN3CCCC3)ccc2o1
613,CN(C)CCCCCCOc1ccc2c(c1)OCC(N=[N+]=[N-])O2
614,COc1ccc(C2CN(CCCCCCCN=[N+]=[N-])CS2)o1
615,[N-]=[N+]=NCCCN1CCC(OC(=O)c2cc3ccccc3o2)CC1
616,CN1CCC2=C(N=Nc3cccc([N+](=O)[O-])c3)C3CCC2(CC1)C3
617,[N-]=[N+]=Nc1nsnc1C1CCN(CCc2ccccc2)CC1
618,[N-]=[N+]=Nc1ccc2c(=S)nc(CCCCN3CCCC3)oc2c1
619,CCCCCCCCCN1CCc2oc(=O)c([N+](=O)[O-])cc2C1
620,CC1OC(N=[N+]=[N-])CN1CCCCCCCCCn1ccnc1
621,N#CCCCCN1CCC(CN2CCCC2)CC1
622,CCCC(CN=O)=C1CCC(c2cncc(CC(=O)OC)c2)C1
623,O=[N+]([O-])c1cccn1CCCCCc1coc(-c2ccccc2)n1
624,O=[N+]([O-])c1ccc(-c2cc(CCCCCN3CCCC3)co2)o1
625,[N-]=[N+]=Nc1ccc(N2CCC(c3coc4ccccc34)CC2)nc1
626,O=[N+]([O-])c1cccc(CCCCCCCCCn2ccnn2)c1
627,CCCN(CCc1cc2ccc([N+](=O)[O-])cc2o1)c1ccccn1
628,O=[N+]([O-])c1ccc(C2COc3cc(N=C=S)ccc3C2)c(Br)c1
629,Cc1nc2c(ccc3c(OCCCC4CC4)c([N+](=O)[O-])ccc32)o1
630,CCCCCCCCCCC1COc2cnc([N+](=O)[O-])cc2O1
631,[N+]=NCCCCCN1CCc2c(oc3ccccc23)-c2cnoc21
632,O=[N+]([O-])c1ccc2oc(C3CC3CCc3cccs3)nc2c1
633,O=[N+]([O-])c1nccn1CCCCCCCCCCC1CCCO1
634,CN(CCCCCCn1ccnc1)C1CCc2coc([N+](=O)[O-])c21
635,CN=C1N=Nc2ccccc2CC1CN(C)N=Nc1cccnc1
636,[N-]=[N+]=Nc1ccc2c(c1)ON(CCCc1cc3cccnc3o1)C2
637,[N-]=[N+]=NOCC1CCN(Cc2coc(-c3cccs3)c2)CC1
638,CC=C=NN=NCCCCCCCN1CCc2onc(C)c2C1
639,[N-]=[N+]=NCCCCCCCCCC1CCN(c2cnccn2)C1
640,CCCCCCCN1CCCC(c2ccnc(C#N)c2[N+](=O)[O-])C1
641,O=[N+]([O-])c1ccc(CCCCCCCOc2ccccc2O)o1
642,N#[N+]c1cc2cccc(OCc3cnn(C4CCCC4)c3)c2cn1
643,[N-]=[N+]=NC1CCC(n2ccc(=O)c3sc4ncccc4c32)CC1
644,CCCCCCCCC1CCN(Cc2nc([N+](=O)[O-])co2)CC1
645,CCCCN1CCC(c2noc(-c3ccccc3N=[N+]=[N-])n2)CC1
646,CCN(CCC#N)CCCCN1CCc2sc(N=[N+]=[N-])cc21
647,N#CCCCCCCN1CCC(c2ccccc2[N+](=O)[O-])CC1
648,CCCN(CC)c1cccc(-c2nc3cc([N+](=O)[O-])ccc3o2)c1
649,CCCN(CCC)CCCCOc1ccc(CN([N-])[N+]=[N-])cc1
650,COc1ccc([N+](=O)[O-])c2oc(CCCCc3ccccc3)nc12
651,COc1nc(C2CCN(Cc3ccccc3)CC2)ccc1N=[N+]=[N-]
652,[N-]=[N+]=Nc1ccc(CCCCc2nn(C3CCC3)c(=O)s2)cc1
653,O=[N+]([O-])c1ccc(OCCCCCCCc2cccnc2)nc1
654,CC1=NN(c2cc([N+](=O)[O-])cc3cccnc23)c2ccccc2C1
655,N#Cc1cccc(N2CCC(CCCCCOCCN=[N+]=[N-])N2)c1
656,CCCCCCCC(CCCC1(C#N)C(=O)OC1C)=NOCC
657,CN(N=O)c1cccc(-c2nc3c(o2)-c2ccc(F)cc2C3=O)c1
658,[N-]=[N+]=Nc1ccc(-c2cn(CCCC3CCCCC3)nn2)c(F)n1
659,O=[N+]([O-])c1coc(-c2ccc(C3CCC(Cn4cccc4)O3)o2)c1
660,CN(C)N=Nc1ccc(OCCCN2CCCCC2)cc1N=[N+]=[N-]
661,O=[N+]([O-])c1nccc2c(OCCCCCCC3CC3)cccc12
662,NCC1CC1CCCCCCCc1nnc(-c2ccncc2)o1
663,[N-]=[N+]=Nc1cccc(CCCN2CCCC2c2cnsn2)c1
664,[N-]=[N+]=NCCCCN1CCC(c2cnc(-c3ccccc3)o2)CC1
665,[N-]=[N+]=NCCCCCN1CCC(c2nc3ccccc3o2)CC1
666,CCCCCCCCOCCCOCc1cc([N+](=O)[O-])co1
667,COc1cc2c(cc1OCCCCCN(C)C)CC(C#N)=[N+]2[O-]
668,N#Cc1ccc(CCCCCCCCCCCCC(=O)O)nn1
669,[N-]=[N+]=NCCCCCCCN1CCc2oc3ccccc3c2C1
670,CCC1CCN(CCCCOc2ccc(C#N)cc2[N+](=O)[O-])CC1
671,[N-]=[N+]=NCc1nc2ccccc2n1CCCCN1CCCCC1
672,N#CCCCCCC1=CCCN(Cc2ccc([N+](=O)[O-])cc2)O1
673,N#CCCCCN1CCC(c2coc3ccc([N+](=O)[O-])cc23)CC1
674,[O-]c1ccnc(CCCCCCCCCCCn2ccnc2)n1
675,O=Nc1ccc(CCCCCCN2CCC(c3ccon3)CC2)o1
676,CCn1cc(CCCCCCCCCCCCC[N+](=O)[O-])nn1
677,CCCCCCCCN1COc2c(ccc(C#N)c2[N+](=O)[O-])C1
678,CN1C(CN2CCC(c3ccc(C#N)cc3)CC2)CCC1N=[N+]=[N-]
679,[N-]=[N+]=NCCCCC1CCN(Cc2nc3ccccc3o2)CC1
680,N#CN(CC1=CN(Cc2ccccc2)CC1)c1ccc(N=[N+]=[N-])cc1
681,CCCCCCCCC1CN(c2cccc([N+](=O)[O-])c2)C(=O)O1
682,C=C=Nc1oc(C2CCc3cc(OCC)ccc3C2)cc1[N+](=O)[O-]
683,O=[N+]([O-])c1ccc2oc(OCCCCCc3ccco3)cc2c1
684,O=[N+]([O-])C1=CC=C2CC(=C1)CCN2CCCCOc1ccoc1
685,O=[N+]([O-])c1cc(COCCCCCCCc2ccco2)ccn1
686,[N-]=[N+]=Nc1cc2scnc2cc1OCCCCN1CCCC1
687,N#Cc1cc(-c2ccc3c(n2)-c2ccc([N+](=O)[O-])cc2C3)cs1
688,N#CC1CCN(CCCCCCCCCCCCCN=O)C1=O
689,CCCCCCCCC1CCN(Cc2ncc([N+](=O)[O-])o2)CC1
690,Cc1c(OCCCCCC#N)ccc2oc(-c3cnccn3)cc12
691,CN(N=O)C1=C(c2ccc3c(c2)CCCO3)Oc2ccccc2O1
692,O=Nc1cccc2ccc(OCCCCN3CCCC3)nc12
693,O=NN1c2c(cccc2[N+](=O)[O-])CCC1CCCc1cccs1
694,N#CCCCCCN(Cc1ccccc1)C1CCc2c(N=O)noc21
695,CCCCCCN1CCC(c2noc3ccc(CN=[N+]=[N-])cc23)C1
696,O=[N+]([O-])c1coc(CCCCCCCCCCCCN2CC2)n1
697,[N-]=[N+]=Nc1ccc(C2CCCN(CCCc3cccnc3)C2)o1
698,N#CCCCCCCCCCC[S+]([O-])c1nccc(SO)n1
699,COc1cc2c(OCCN3CCCC3)cccc2cc1N=[N+]=[N-]
700,[N-]=[N+]=NN(CCC1CCCCC1)CC1=Nc2ccccc2OC1
701,CCCCOc1cc2c3c(ccc2nc1[N+](=O)[O-])COC3CCC
702,O=[N+]([O-])c1ccc2c(c1)oc1cc(C3CC3)c(-c3ccccn3)n12
703,[N-]=[N+]=Nc1cccc(-c2ccccc2OCCN2CCCC2)c1
704,CCCCCCCN(C)C1CCC(CN(CCN=[N+]=[N-])N=O)C1
705,Cc1onc([N+](=O)[O-])c1N1CCC2(CCCc3ccccc32)CC1
706,O=[N+]([O-])c1ccc(CCCCCCCCCCn2ccnc2)o1
707,CC1=CN(CCCCCc2noc3ccccc23)CCC1N=[N+]=[N-]
708,CCC1CCc2c(ccc3c(-c4cccc([N+](=O)[O-])c4)noc23)O1
709,O=[N+]([O-])c1ccc(-c2noc(C3CCCc4ccccc43)n2)cc1
710,CN1CCC(N=O)C=CC1c1ccc2cc([N+](=O)[O-])sc2c1
711,N#CCCCCCCCN1CCC(c2ccc([N+](=O)[O-])o2)CC1
712,O=[N+]([O-])c1ccc(CCCCCCCCCn2cnnc2)cc1
713,[N-]=[N+]=NCCCCCOc1cc2c(cn1)C1c3cccn3COC21
714,NCCOc1cc2c(OCc3ccccc3)cccc2oc1=O
715,CCC(CCCCCCCCc1cocn1)c1nc(C=O)co1
716,N#CCCCCCCCN1CCC(c2ccc([N+](=O)[O-])cc2)C1
717,N#Cc1ccc(CCCCCCCCc2nc3ncccc3o2)nc1
718,O=[N+]([O-])c1oncc1CCCCCCCCCN1CCCCC1
719,CN(C)CCCC1CCc2c(ccc3occc23)C1=NN=NC#N
720,CCCCCCCN1CCN(c2ccc(C#N)cc2C)C(=O)N=N1
721,Cc1nc(CCCCCCN2Cc3ccccc3C2)c([N+](=O)[O-])o1
722,CCN(CCCCc1nc(C2CC2)no1)c1ccc(N=[N+]=[N-])cc1
723,CC1CN=CCN1CCCCCCCCCc1ccc([N+](=O)[O-])o1
724,N#Cc1ccc(OCCCCCCCN2CCCC2)c([N+](=O)[O-])c1
725,Cc1o[n+]([O-])nc1CCCCOc1ccc(C2CCCCC2)o1
726,O=Nc1cc(-c2nc3ccccc3o2)ccc1OCCCN1CC1
727,N#CCCN(C#N)N=Nc1cccc(CCCN2CCCCC2)c1
728,O=[N+]([O-])c1ccccc1OCCCCCCCOc1ccoc1
729,[N-]=[N+]=NC1=CCCN1CCCc1cc2cccc([N+](=O)[O-])c2s1
730,N#CC=Cc1nccn1C1CCC(Oc2cccc(C#N)c2)CC1
731,CCCCCCN1CCC(c2cccc(C#N)c2)C([N+](=O)[O-])C1
732,N#Cc1occc1CCCSc1nccnc1-c1ccccc1
733,N#[N+]c1ccccc1OCCCC=NCc1cccc([N+](=O)[O-])c1
734,COc1nc2c(o1)C(CCCCc1cccc([N+](=O)[O-])c1)CCC2
735,O=NCCCCCCN1CCC(c2ccccc2[N+](=O)[O-])CC1
736,[N-]=[N+]=NCCCCCCCCN1CCCC(c2ccns2)C1
737,CC(=O)N=Nc1cc2ccc(OCC3CCCN(C)C3)cc2o1
738,CCCCCCN1CCC(c2oc3ccoc3c2[N+](=O)[O-])CC1
739,CCCCCCCCCCCCCOC1Cn2nc([N+]#N)cc2[N-]O1
740,COc1ccc(-c2cn(CCCCCCF)cn2)cc1[N+](=O)[O-]
741,CCOc1cccc2c(CCCCCCC[N+](C)([O-])[O-])coc12
742,N=c1ccc2c(-c3cc(-c4cccnc4)on3)cccc2[s+]1[O-]
743,O=[N+]([O-])c1ccc(-c2cccc(C3CCCc4ncccc43)n2)o1
744,CCN(C=Cc1ccccc1N=N)CCC1CCN(C#N)CC1
745,CC1CCCc2ccccc2C1CON=Cc1coc([N+](=O)[O-])c1
746,O=[N+]([O-])OCCCCCCCCCCC1OCc2ncccc21
747,CCCN(CCN=[N+]=[N-])C1CC=C(c2nc3ccccc3o2)C1
748,[N-]=[N+]=NC1CCN(CCOc2cccc(-c3ccco3)c2)CC1
749,N=[N+]([O-])c1ccc(C2CCC(c3ccc4oc(=O)oc4c3)C2)cc1
750,[N-]=[N+]=NC1CSc2ncc3nc4c5ccccc5oc4n3c2C1
751,CCCCCCCCN([O-])N=Nc1cccc(S(C)(=O)=O)c1
752,N#CC(C#N)=Cc1nc(CCCCCCN2CCCCC2)co1
753,[N-]=[N+]=NCCCCCc1nc2ccc(N3CCCCC3)cc2o1
754,COc1nc(OCCCCc2ccccc2)cc(N=[N+]=[N-])c1S
755,N#CN(CCCCCC1CCOc2ccc(Cl)cc21)N=[N+]=[N-]
756,Cc1c(=O)occ2c(O)c(-c3ccc(OCCN(C)C)cc3)oc12
757,O=NC1CCN(CCCCCCCCc2ccc([N+](=O)[O-])cc2)C1
758,[N-]=[N+]=Nc1ccccc1Oc1ccccc1CN1CCCCC1
759,N#CC1=CCN2CCC(=NOCc3ccccc3)c3cocc3C12
760,CCCCCN1CCN(c2cc3occc3cc2N=[N+]=[N-])CC1
761,[N-]=[N+]=Nc1ccc(CCN2CCCCC2)cc1-c1nccs1
762,CCCN(CCC#N)C1CCC(c2ccc([N+](=O)[O-])s2)CC1
763,COc1ccc2cc(-c3cc4ncccc4cc3[N+](=O)[O-])oc2c1
764,O=c1oc2cc([N+](=O)[O-])ccc2n1CCCCCC1CCCC1
765,O=[N+]([O-])c1cc2nc(C3CCC3)n(CCC3CCCCC3)c2cn1
766,CC(C)OS(=O)(=O)Oc1ccc2oc3cccc([N+]#N)c3c2c1
767,N#COc1cc([N+](=O)[O-])cc2sc3c(c12)CCc1cccnc1-3
768,CCCCCN(CCC)N=Nc1ncnc2c(C#N)cccc12
769,O=Nc1ccc(N2CCC3(CCc4ccccc43)C2)cc1[N+](=O)[O-]
770,N#CCCCCN1CCC(c2coc3cccc([N+](=O)[O-])c23)CC1
771,O=[N+]([O-])c1ccc(OCc2ccc(COc3ccccc3)o2)cc1
772,[N-]=[N+]=Nc1cccc(N2CCC(CCCCc3cnccn3)CC2)n1
773,N#CSCCCN(CCc1ccoc1N=[N-])CC1CCCCC1
774,CN(C)C1CCC(CCCCCCn2ccnc2N=[N+]=[N-])OC1
775,CN(CCC1CCCC1)Cc1cc(-c2ccc(N=[N+]=[N-])cc2)no1
776,[N-]=[N+]=Nc1ccc(OS(=O)(=O)c2cccc3ccccc23)cc1
777,N#CCCCCCN1CCC(=Cc2cccc([N+](=O)[O-])c2)CC1
778,O=[N+]([O-])c1ccn(CCCCCCCCCCCCCCO)n1
779,CN(C)CCOc1ccc2cc(-c3ccc(CN=[N+]=[N-])o3)oc2c1
780,[N-]=[N+]=NCCCCCCCCN1CCC(c2ccoc2)COC1
781,O=NCCCCCN1CCCC1c1cc2ccc([N+](=O)[O-])cc2o1
782,CN(C#N)CCC1CCC(c2nc(-c3ccccc3)no2)CC1
783,CCCCCCCN1CCCC(c2cccc([N+](=O)[O-])c2)C1=O
784,CN1CC(CCCCCCCCCCCCCN([O-])[N+](=O)[O-])O1
785,COc1cc(CCCCCCc2cncn2C)ccc1N=[N+]=[N-]
786,CCCCCCCN1CCN(c2ccccc2[N+]([O-])=NC#N)CC1
787,O=[N+]([O-])c1ccc2c(c1)CN(Cc1coc(-c3ccoc3)c1)CC2
788,O=[N+]([O-])c1ccc2c(c1)OCc1c-2oc2cc3c(cc12)CCC3
789,C=C1CCc2cc([N+](=O)[O-])ccc2C1CCCCCCNC#N
790,O=[N+]([O-])c1cc2c(s1)CC(=NC1CCCc3occc31)OC2
791,[N-]=[N+]=Nc1ccc2c(c1)nnn2CCCCCN1CCCCC1
792,CCCC1=CCC(Cn2c(=O)oc3cc([N+](=O)[O-])ccc32)CC1
793,COc1ccc2oc(OCC3CCN(CCN=[N+]=[N-])C3)cc2c1
794,O=[N+]([O-])c1ccc2c(c1)CCCC2CCOCc1ccc(O)o1
795,COc1ccc2c3c(-c4ccc([N+](=O)[O-])cc4)oc2c1C(=O)CC3
796,O=[N+]([O-])Oc1ccccc1OCCCCCCCc1ccoc1
797,N#[N+]OCCCCCCCCc1oc(=O)oc1-c1ccc(F)cc1
798,CN(Cc1cccc(N=O)c1)C1=Cc2cc([N+](=O)[O-])ccc2CC1
799,O=[N+]([O-])c1c(OCCN2CCC2)c2ccoc2c2ccccc12
800,CC12CCC(OCc3cccc([N+](=O)[O-])c3)C=C1N(O)C(=N)C2
801,O=[N+]([O-])c1cccc(CCCCCCCCCn2nccn2)c1
802,[N-]N(CCCCCCC1=NN(Cc2ccccc2)CC1)[N+](=O)[O-]
803,N#CCCCS(=O)(=O)OCC1CCC(C2=NCCCC2)CC1
804,O=NCCCCCCCCCOc1ccc2oc(=O)ccc2c1
805,COc1cccc(CCN2CCC(c3c[n+]([N-]C#N)co3)CC2)c1
806,C#CCCCCCCCCCCCCCn1ncc([N+](=O)[O-])n1
807,[N-]=[N+]=NC1=CCCN(CCCCCCCCCCc2cnoc2)C1
808,CCCCCCCC1=CCN(CCCCn2cnc([N+]#N)c2)C1
809,O=[N+]([O-])c1ccc2c(c1)C(CCOc1ccc3ncoc3c1)CC2
810,CCCCCCN1CCC(OC(C)c2coc([N+](=O)[O-])c2)CC1
811,N#CCCN(CC#N)CC1CCN(c2ccc3ncoc3c2)CC1
812,CN(C)c1ccc(C2CCCC(c3ccc([N+](=O)[O-])cc3)O2)o1
813,Cc1coc2ccc(N3CCC(c4coc([N+](=O)[O-])c4)CC3)cc12
814,O=[N+]([O-])c1nccn1CCCOc1ccc(CC2CCCCC2)o1
815,O=[N+]([O-])c1ccc(CCCCCOc2cccc3ncoc23)cc1
816,COc1ccc(CCCOc2ccc([N+](=O)[O-])c3occc23)cc1
817,[N-]=[N+]=NC1CCN(Cc2ccc(-c3ccc(Cl)nc3)o2)CC1
818,[N-]=[N+]=Nc1nc2ccccc2n1CCCCCCCN1C=NCC1
819,CN(CCCCC=Cc1ccc(OCc2ccncc2)cn1)[N-][N-]
820,C=NC(=O)N=Nc1coc2cccc(OCCCN3CCCC3)c12
821,O=[N+]([O-])C1=C([O-])c2ccc(OCc3ccccc3)cc2SC1
822,Cc1cc(=O)oc2c(Oc3ccc4c(N=O)cncc4c3)cccc12
823,N#CC1=Nc2c3c(c4occc4c2CCc2ccccc21)COC3=O
824,CCCN(CC1CCC(=O)C1)C1CCc2c(N=[N+]=[N-])ccnc21
825,CCN(C)N=Nc1ccc(CCCN2CCCCC2)cc1[N+](=O)[O-]
826,O=NCCCc1cc2ccc(OCc3ccccn3)cc2oc1=O
827,CC(C)(C)c1nc(CN2CCC(SCCN=[N+]=[N-])CC2)co1
828,O=[N+]([O-])OCCCCCCOc1ccnc2c1oc1ccccc12
829,Cc1ccc([N+](=O)[O-])c(OCCc2coc(-c3ccccc3)n2)c1
830,N#Cc1nc(C2CCN(Cc3cc4ccccc4o3)CC2)co1
831,CCCN1CCC(CCCCC=Cc2conc2[N+](=O)[O-])CC1
832,CCCCCCCON=C1CCCc2cc([N+](=O)[O-])ccc2O1
833,O=[N+]([O-])c1cc(-c2nc3cccnc3o2)ccc1OCCCCF
834,COc1ccc(C2Cc3ccc4cc([N+](=O)[O-])oc4c3O2)cc1
835,N#Cc1cc(=O)oc2cc(OCc3ccc4ccoc4c3)ccc12
836,[N-]=[N+]=NCCCCCN1CCC(c2noc3ccccc23)CC1
837,CCOC1CCN(Cc2ccc(N=[N+]=[N-])cc2)Cc2ccncc21
838,CCCCCCCCOCC1=Nc2ccc([N+](=O)[O-])cc2OC1
839,NCCCCCCCN1CCCC(c2ccc([N+](=O)[O-])cc2)C1
840,C=C1CCN(CCOc2ccc3ccccc3c2N=[N+]=[N-])CC1
841,CCCCCCCCC1CCCN(Cc2no[n+]([O-])c2C=O)C1
842,CCCC1CCC2(CCC(c3ccc(N=[N+]=[N-])cc3)OC2)OO1
843,C=C1CCC(CCCOc2cccc3occc23)CN([N+](=O)[O-])C1
844,N#CCCCCCC1CCC2Cc3cc([N+](=O)[O-])ccc3N1O2
845,[N+]=NCCCCC1CCN(Cc2coc(-c3ccccc3)n2)CC1
846,O=[N+]([O-])c1ccc2ncn(CCCCCCCc3ccoc3)c2c1
847,CCCC1CC(=O)c2cc([N+](=O)[O-])ccc2C1c1occ2c1C=C2
848,Cc1noc(-c2cccc(OCCCN3CCCC3)c2)c1N=O
849,O=[N+]([O-])c1ccc(CCCCCCN2CCc3c2coc3O)o1
850,O=[N+]([O-])c1occc1OCCCCCCc1ccncc1Cl
851,[N-]=[N+]=NN(CCCCCN1CCCCC1N=O)Cc1ccccc1
852,[O-][N+](=Nc1ccco1)N1CCN(c2cccc3ccccc23)C1
853,N#Cc1ccc(N(C#N)CCCCCCCCn2ccnc2)nc1
854,O=[N+]([O-])c1ccc(CCCCCCCCCCn2cncn2)cc1
855,C=NCCCCCCCCCCn1cnc2cc([N+](=O)[O-])ccc21
856,CCCCCCON=C1CCc2c(ccc(OC)c2[N+](=O)[O-])C1
857,O=Nc1coc(CCN2CCC(c3cccc([N+](=O)[O-])c3)CC2)c1
858,COC(=O)c1ccc(N(CCCCC2CCCC2)[N+](=O)[O-])cc1
859,[N-]=[N+]=Nc1ccc2cc(CCCCCCN3CCCC3)nn2c1
860,CC(C)=CCCN1CCC(c2nc(-c3ccco3)oc2N=O)CC1
861,CCCCCCCCC1CCCc2ccc(OC(=O)N(C)N=O)nc21
862,N#CCC1CCN(CCCCOc2ccc([N+](=O)[O-])cc2)CC1
863,N#CCCCCCCCC1CCN(Cc2ccc([N+](=O)[O-])o2)C1
864,N#CCc1nc(-c2ccc3oc4c(c3c2)Cc2ccccc2-4)no1
865,Cc1cc(CCCCCCOc2ccc([N+](=O)[O-])nc2)c(C)o1
866,N#[N+]c1ccc(C2CCN(CCC3CCCC3)C2)c([N+](=O)[O-])c1
867,[N-]=[N+]=Nc1ccc(C2CCN(CCCc3ncco3)S2)cc1
868,Cc1cccc(-c2cc3c(OCCCO[N+](=O)[O-])cccc3o2)c1
869,CCCN1CCC(c2cc(-c3ccc([N+](=O)[O-])cc3)no2)CC1
870,N#[N+]C1CC(c2cccc(Cl)c2)CCN1CCCCCCN
871,CN1CCN([N-])c2oc(Oc3ccc(N=NN(C)C)cc3)cc2C1
872,Cn1cc2c(n1)-c1cccc(-c3nc4c([N+]#N)cccc4o3)c1C2
873,Cc1noc(C(C)C)c1CCCN1CCc2oc([N+](=O)[O-])cc2C1
874,NC1CCN(CCCCCCCCCc2ccoc2[N+](=O)[O-])C1
875,CCCCCCN1CCC(c2ccc([N+](=O)[O-])c(N=O)c2)CC1
876,CSCCC1CCC(c2nc3cc([N+](=O)[O-])ccc3o2)CC1
877,O=[N+]([O-])c1ccc(N(CCOc2ccco2)CCC2CC2)cc1
878,N#[N+]c1ccc(-c2ccc(OCCCN3CCC3)cc2)cc1[N+](=O)[O-]
879,Cc1ccc(-c2noc(C3CCCCC3)n2)c(C#CCC#N)c1
880,CON=C(C)c1ccc(-c2cc3ccc([N+](=O)[O-])cc3o2)cc1
881,O=[N+]([O-])c1cccc(OCCCCCCCCn2ccnc2)c1
882,C=C1c2c([N+](=O)[O-])ccc3nccc(c23)OC1c1cccc(C#N)c1
883,CN(CCCCN1CCCC1c1ccccc1)N=NC1=COC1=O
884,COc1nc(C#N)ccc1OCCCCCCCCCCC#N
885,[N-]=[N+]=NCc1ccccc1-c1nc(CN2CCC3CCC2C3)co1
886,CCCCCN(C)C1CCC(c2ccc([N+]([O-])=NC#N)cn2)CC1
887,O=[N+]([O-])c1cccc(-c2cn(CCCC3CCCCC3)nn2)c1
888,N#CCCCN(CCC1CCCCC1)c1ccc([N+](=O)[O-])cc1
889,N#[N+]c1cc(CCCCN2CCC(=Cc3ccccc3)CC2)on1
890,[N-]=[N+]=NC1CCC(CCCCCCCN2CCCCC2)OC1=O
891,O=c1occn1CCCCCCC1Cc2cccc([N+](=O)[O-])c2O1
892,[N-]=[N+]=NCCCC1CCN(CCCCN2COc3ccoc32)CC1
893,N#CSCCc1ccc(-c2ccc3oc(C4CC4)nc3c2)o1
894,CC(Oc1ccccc1N1CCCCC1)c1ccc(N=[N+]=[N-])nc1
895,CCCN(CCC)C1CCN(Cc2cccc(N=[N+]=[N-])c2)C=N1
896,Cc1nc(C=CCCCCCN2CCC(C)CC2)oc1[N+](=O)[O-]
897,CCN(C#N)CCCCN(CCC#N)c1cnccc1C1CC1
898,C=Nc1ncc([N+](=O)[O-])n1CCCCCCCCc1ccccc1
899,CN(C)CC1CCc2c(N=Nc3ccc([N+](=O)[O-])cc3)cccc21
900,CCCN(CCCCCCc1ccc(Cl)c(#N)s1)[N+](=O)[O-]
901,Cn1c(SCCCCc2cccc(N=[N+]=[N-])c2)nnc1C1CC1
902,O=C=NCCCCC1=CN(CC=Cc2ccc([N+](=O)[O-])cc2)CC1
903,COc1cc2c(cc1OC)Cc1cc(C=C[N+](=O)[O-])oc1CC2
904,[N-]=[N+]=Nc1ccccc1C1CCN(CCCOc2ccccn2)N1
905,CN1c2c(ccnc2[N+](=O)[O-])CCC1CCCCCCCCC#N
906,CCCCCCC1CCN(CCCCn2nc([N+](=O)[O-])o2)CC1
907,COc1c(OCCCCCCCCCC#N)cccc1[N+](=O)[O-]
908,CC1(N=[N+]=[N-])CCN(CCCCCCCc2ccccc2)N=N1
909,O=[N+]([O-])c1cc2ccoc2cc1OCCCN1CCCCCC1
910,COc1ccccc1OCCCc1cc2cc([N+](=O)[O-])ccc2o1
911,COc1ccc2c(c1OC)CCC(CCCCCN=[N+]=[N-])CO2
912,CCCCCCCN(CCC)CC1c2nocc2CC1N=[N+]=[N-]
913,CN1CCCC1c1cccc(N=NN(Cc2ccccc2)N=[N+]=[N-])n1
914,CCCCCCN1CCC(c2noc3ccc([N+](=O)[O-])cc23)CC1
915,Cn1c(C2C=C(COc3occc3N=[N+]=[N-])CC2)cc2ccncc21
916,COc1nc(N=[N+]=[N-])sc1CN1CCC(c2ccccc2)CC1
917,O=[N+]([O-])c1ccc2c(c1)C=C(COc1coc3ccccc13)CO2
918,N#Cc1ccc(OCCCCCCCCCCC[N+](=O)[O-])cc1
919,O=[N+]([O-])c1ncccc1CCCCCCCCCc1cocn1
920,N#Cc1coc(CCCCCCCCCCc2nonc2F)c1
921,CCc1cc(CN2CCC(c3coc(N=[N+]=[N-])n3)CC2)cs1
922,O=[N+]([O-])c1cn(CCCCCCCCCCc2ccoc2)cn1
923,C=CCN(CCCCCCCCC)Cc1nocc1[N+](=O)[O-]
924,[N-]=[N+]=NCC1CCN(c2ccc3oc(C4CCCC4)nc3c2)NC1
925,CCCCCCCCCCCC1Oc2nc(C#N)ccc2C1[O-]
926,CCCCCCCCCN1CCN(c2ncc([N+](=O)[O-])o2)CC1
927,[N-]=[N+]=Nc1cc2ccc(OCCCN3CCCC3)cc2sc1=O
928,N#[N+]c1sc([N+](=O)[O-])cc1CN1CC=C(c2ccccc2)CC1
929,CCCCCN(CCC1CCCc2cc([N+](=O)[O-])ccc21)N=O
930,O=[N+]([O-])c1ccc2oc(-n3cncc3C3CC4CC(C4)C3)cc2c1
931,O=[N+]([O-])c1cncc(-c2cc(C3CCC4CCCC3C4)no2)c1
932,O=[N+]([O-])c1c(OCCC2CCC2)ccc2nn(CC3CC3)cc12
933,CCCCCCCCCCCCN([O-])CCCn1ccnn1
934,O=[N+]([O-])C1=C(Cc2cnn(CCCCN3CCC3)c2)CCCC1
935,O=[N+]([O-])c1cn(CCCCCCCCOc2ccccc2)cn1
936,CC(=O)SCCCCCN1COc2ccc(N=[N+]=[N-])cc2C1
937,CCCN1CCCCC1c1cc(-c2ccc([N+](=O)[O-])cc2)no1
938,C#Cc1cc(-c2cc(C#N)ccc2[N+](=O)[O-])oc1SCC1CC1
939,N#Cc1ccc(C2CC(c3cc(Cl)c([N+](=O)[O-])s3)C2)nc1
940,O=[N+]([O-])c1coc(C(CCCCCn2ccnc2)=C2CCCC2)c1
941,O=[N+]([O-])c1cc(CCSc2ccc(-c3ccoc3)cn2)ccn1
942,Cc1ccc(OC(C)C)c2c1C(N(CCCN=[N+]=[N-])N=O)CCC2
943,N#Cc1ccc(CSc2cnc(-c3cccc(C#N)c3)o2)cc1
944,CC1CCN1Cc1ccc(N=NN(C)c2coc([N+](=N)[O-])c2)cc1
945,N#Cc1cccc(OCc2coc(CSCCCN=[N+]=[N-])c2)c1
946,N#CCCCCCCN1CCC(c2ccc([N+](=O)[O-])cc2)CC1
947,CCCCCCN1CCC(c2ccc(C=O)c([N+](=O)[O-])c2)CC1
948,CCCCCCCCN(C)CCCCCc1coc([N+](=O)[O-])n1
949,CCCCCCCCc1cn(Cc2cccc([N+](=O)[O-])n2)cn1
950,O=[N+]([O-])c1ccn(CCCCCCCCCCc2ccoc2)n1
951,CC(CCCCCN1CCCCC1)Oc1occc1[N+](=O)[O-]
952,CCCCCCS(=O)(=O)Oc1ccc2ccc(N=O)cc2c1
953,[N-]=[N+]=Nc1ccc(-c2ccn(CCCCN3CCCCC3)c2)o1
954,O=NCCCOC(=O)c1cc2cccc(OCCC3CC3)c2o1
955,[N-]=[N+]=Nc1cc2ccc(OCCCN3CCCC3)cc2s1
956,CCOc1c(CCCCCCCO[N+](=O)[O-])ccc2occc12
957,CCCN1CCC(c2nc(-c3oc4ccccc4c3[N+]#N)no2)C1
958,CN(CCCCCC1CCCCC1)C1CCN(CN=[N+]=[N-])CC1
959,COc1cccc(-c2cc(OC)c3cc4c(c-3o2)COC4N=[N+]=[N-])c1
960,CCCCCCCCCCCCn1ccnc1CCN(C#N)N=O
961,O=[N+]([O-])c1c(-c2ccccn2)oc2cc(OCCCF)ccc12
962,CCCN1CCC(=NOCCCCc2ccoc2)CC1CC#N
963,O=[N+]([O-])c1coc2cc(C3CCCN(Cc4ccccc4)O3)oc12
964,CCCCCCCS(=O)(=NC#N)Oc1ccc2occc2c1
965,[N-]=[N+]=Nc1cnn(CCCCC2CCN(c3ccccc3)CC2)c1
966,[N-]=[N+]=NCC1CCN(c2cncc(C3Sc4ccoc43)c2)CC1
967,C[N+]([O-])c1ccc2c(ccc3nc(CCCCCCC=O)oc32)c1
968,CCCCCC1C(=O)C=CC1c1cc2cc([N+](=O)[O-])ccc2o1
969,O=[N+]([O-])c1oc2cccnc2c1C1Cc2cc(Cl)ccc2O1
970,CCN1CC=C(c2cn3c(n2)sc2c(N=[N+]=[N-])cccc23)CC1
971,N#[N+]c1cn(CCCCCCCCCCCc2cccnc2)nn1
972,O=[N+]([O-])Cc1cccc(-c2nc(-c3cc4ccccc4o3)co2)c1
973,Cc1cc(C=Nc2cn(C)c(-c3ocnc3C)c2C)ccc1C=O
974,CCCN(CCC)N=Nc1cc2c(S(C)(=O)=O)cccc2o1
975,CC(=O)N=NCCCCCCN1CCN(c2ccccc2)C1=O
976,C=C(CC#N)N=NN=NCCC1CCN(Cc2cccs2)CC1
977,CCCS(=O)(=O)Oc1ccc2oc3occ(CC)c3c2c1
978,C=C(C)CCCCN1CCC(c2coc(CC)c2)([N+](=O)[O-])CC1
979,COc1ccc([N+](=O)[O-])cc1OCCCCCCc1ccco1
980,O=[N+]([O-])c1nc2c(OCCCCCCCCCF)cccc2o1
981,O=c1occc(OCCCN2CCCc3ccccc32)c1[N+](=O)[O-]
982,N#CN=NN=Nc1ccc(C2(C#N)CCN(CC3CCC3)CC2)cc1
983,CCCCCCCSC1Cc2cc(OCCN=[N+]=[N-])oc2C1
984,CCCCCN(c1cccc([N+](=O)[O-])c1)C1CCC2(C#N)CC12
985,CCCCCCCCOc1coc2c1C(N=O)C(OC(C)=O)CC2
986,CCCCCCN(CCC#N)c1nc2c(C#N)cncc2s1
987,N#Cc1cccnc1SCCCCc1cccc([N+](=O)[O-])c1
988,CCCCCc1nnn(-c2cccc(-c3ccc(N=[N+]=[N-])cc3)c2)n1
989,CCCCCN1CC=C(c2noc3cc([N+](=O)[O-])ccc23)CC1
990,O=[N+]([O-])c1ccccc1OCCCCCCCc1cccnc1
991,CC12CCC(c3coc(CCCCCCCN=[N+]=[N-])c3)N1C(=O)O2
992,O=[N+]([O-])c1ccc(SCC2CCc3ccccc32)c([N+](=O)[O-])c1
993,COc1cc(C2CCN(c3ccncc3)CC2)c(N=[N+]=[N-])s1
994,N#[N+]C1C=NOC1CCCCCCCCCCCn1ccnc1
995,C[N+]([O-])c1cc(CCCCCC2C=Cc3cocc3CC2)on1
996,CCCCCCCCCCCC1CCC(c2c(C)no[n+]2[O-])O1
997,CC1(C#N)CCN(CCCCCCCc2ccc([N+](=O)[O-])o2)CC1
998,CCCOc1ccc2nc(-c3ccc4ccc(=O)oc4c3)oc2c1
999,CCCCCCCCCCCc1noc([S+]([O-])CCCC)n1
1000,CC1(C#N)CCN(CCCCN([O-])c2ccccc2[N+](=O)[O-])CC1
1001,Cc1cccc(CCCCCCCCn2cc([N+](=O)[O-])cn2)n1
1002,CN1CCC(COc2cc3oc4ccsc4c3cc2N=[N+]=[N-])CC1
1003,[C-]#[N+]c1cn(CC2CCCC2)c(-c2nnc(-c3ccccc3)o2)n1
1004,[N-]=NC1CCCN1CCCCCCCCc1noc2ncccc12
1005,O=[N+]([O-])c1ccc(OCCCCCCCOc2ccoc2)cc1
1006,CC(C)(C)c1nnc(C2CCN(CCCCN=[N+]=[N-])CC2)s1
1007,[C-]#[N+]c1cc(CN2CCCC2)cc(Oc2ccccc2N=[N+]=[N-])n1
1008,N#Cc1ccc(OCCCCCCCCCc2ncccn2)o1
1009,O=C1CCC([N+](=O)[O-])C1CCCCCCCCCn1ccnc1
1010,O=[N+]([O-])c1cn(CCCCCCCCCCc2ccccn2)cn1
1011,O=c1cc(-c2ccc([N+](=O)[O-])cc2)oc2c1ccc1ccsc12
1012,CCCCCCCCN1CCC(c2nc([N+](=O)[O-])c(C)o2)CC1
1013,Cc1ccccc1OCCCCCCN(N=[N+]=[N-])c1ncco1
1014,CCOCCCCCOc1ccc(-c2ccoc2)cc1[N+](=O)[O-]
1015,Cn1cc(CCCCCCCCCCc2coc(C#N)c2)nn1
1016,[N-]=[N+]=NC1CCC(=O)N(CCCCCCCc2ccccc2)C1
1017,CC(CCn1ccc(N=[N+]=[N-])c1)=NCCCCCc1ccccn1
1018,COc1cc2c3c(oc2cc1[N+](=O)[O-])-c1cc(C)ccc1OCC3
1019,N#CCCCCCCCCCCCCCCOc1c[n+]([O-])on1
1020,N=c1c([N+](=O)[O-])coc2c(OCCCc3ccccc3)cccc12
1021,N#CC1(c2ccc(N=[N+]=[N-])o2)CCN(CCc2ccccc2)CN1
1022,[N-]=[N+]=Nc1cc(OCCCCCN2CCCC2)c(C2CC2)cn1
1023,O=C(O)CCCCCCCCCc1cn(CC2CC(=O)C2)nn1
1024,CCCCCCCCCOc1ncc([N+](=O)[O-])n1CC1CCC1
1025,COc1ccc2c(c1)CCCC2=CCOc1cc(N=[N+]=[N-])n(C)c1
1026,NOCCCCC=C1CCC(OCc2cccc([N+](=O)[O-])c2)CC1
1027,N#COCCCCCCCCCCOc1ccc([N+](=O)[O-])cc1
1028,N#Cc1occc1N(CCCCc1ccc([N+](=O)[O-])cc1)C1CC1
1029,Cc1cc(CCN2CCCC2)ccc1N=NN(C#N)c1ccco1
1030,CCCCCCN1CCCC(c2nc3ccc(N=[N+]=[N-])cn3n2)C1
1031,O=C(CCN1CCCCC2C=CC=CC=C21)c1coc([N+](=O)[O-])c1
1032,[N-]=[N+]=Nc1ccc(C2Cc3cccnc3-n3ccnc3S2)cc1
1033,CCCCCCN1CCC(COc2ccc(N=[N+]=[N-])cn2)CC1
1034,CN(CCCOc1ccccc1)N=Nc1ccc([N+](=O)[O-])cc1
1035,CN1CCC(CCCCCCCCc2coc([N+](=O)[O-])n2)CC1
1036,N#Cc1cccc(CCCC2CCc3cccc([N+](=O)[O-])c3O2)n1
1037,CCCCCCc1coc2c(OCCCN([O-])[N+](=O)[O-])cccc12
1038,CN(C)CCCN1CCCC(c2cc(F)c(O)c(N=[N+]=[N-])c2)C1
1039,O=NN(CCC1C=Cc2ccccc2C1)c1ccc([N+](=O)[O-])cc1
1040,CCOc1ccc2c(C[N+](=O)[O-])c(-c3cccc(OC)c3)oc2c1
1041,CCCCCC1CCN(CCCCc2coc([N+](=O)[O-])c2)C1
1042,Cc1c(-c2ccc(OCc3nc[n+]([O-])o3)cc2)oc2ccccc12
1043,COc1noc2c1C(CCCc1ccc([N+](=O)[O-])cc1C)CC2
1044,CCCCCC1CCN(CCCOc2ccoc2[N+](=O)[O-])CC1
1045,O=[N+]([O-])c1ccc(-c2nc(-c3ccnc4ccccc34)co2)cc1
1046,Cc1ccc2cc(OCCOc3ccc([N+](=O)[O-])cc3)oc2c1
1047,O=C1Cc2cc(OCCCN=Nc3ccccc3)ccc2C(=O)O1
1048,O=[N+]([O-])c1coc(OCCCCCCCCCC2CCO2)c1
1049,c1ccc(-c2nc(C3CCC(Oc4ccoc4)CC3)no2)cc1
1050,CSc1cc(CN2CCC(c3cccc(N=[N+]=[N-])c3)CC2)on1
1051,C=C=NCCCCCCCCC1CCc2nc([N+](=O)[O-])ccc2O1
1052,Cc1cc2cc(N=[N+]=[N-])oc2c2cccc(OCc3cccnc3)c12
1053,CC1(N=[N+]=[N-])CCN(CCCCCCCc2ccccc2)OO1
1054,O=[N+]([O-])c1cc(C2CCN(CCCC3CCCCC3)CC2)on1
1055,O=[N+]([O-])c1ccc2oc(-c3cc(Cl)cc4c3OCC4)nc2c1
1056,COc1ccc2c(OC3CCC(F)(CN=[N+]=[N-])C3)ccnc2c1
1057,COC(=COCCc1cocc1Cl)c1cccc([N+](=O)[O-])c1
1058,COc1ccc2c(=O)oc(-c3ccc(OC)c(N=O)c3)cc2c1
1059,O=[N+]([O-])c1cc(CCCCN2CCCC2)ccc1-c1cnco1
1060,C=C=[N+]([O-])c1ccc2nc(-c3cccc4c3OC(=C)CC4)oc2c1
1061,CCCCCCCCCCCn1ccc(=O)c(C#N)c1SC#N
1062,[N-]=[N+]=Nc1ccc2cc(-c3ccco3)cc(OCCN3CC3)c2c1
1063,CCc1ccccc1Oc1ccc(N=CCC2CC2)c([N+](=O)[O-])n1
1064,[N+]=Nc1ccnn1CCCCCC[S+]([O-])Cc1ccccc1
1065,CCCCc1ccc(-c2nc(-c3ccccc3)no2)cc1[N+](=O)[O-]
1066,N#Cc1c(-c2cc3ccccc3o2)ccc2nc(OCCF)oc12
1067,CCN(CCN=[N+]=[N-])C1CCC(c2ccc(-c3cnccn3)o2)C1
1068,CN1CCCC1c1ccc(-c2ccc3c([N+](=O)[O-])coc3c2)o1
1069,CCCCCCCCCCC1=CCN(CCC(=O)CN=O)CC1
1070,O=[N+]([O-])NCCc1c(-c2ccccn2)oc2cc3occcc-3c12
1071,COc1cc(OC)c2oc(=O)c(C3CCCCC3C#N)cc2c1
1072,CCCCCCN(C)c1cc(-c2cccc(C#N)c2)nc(N=O)n1
1073,[N-]=[N+]=Nc1ccc(OCCCN2CCCCC2)c2ncccc12
1074,[N-]=[N+]=Nc1ccc2nc(OCCCN3CCCCC3)ccc2c1
1075,N#[N+]c1cn(CCCCCCCCCCCc2ccncn2)cn1
1076,O=[N+]([O-])c1cncc(OCCCCCCCCc2ccccc2)n1
1077,[N-]=[N+]=NCCCCCCC1CCN(Cc2ccccc2)OC1=N
1078,O=[N+]([O-])c1cncc(OCC2CCCc3cc4ccoc4cc32)c1
1079,CCCCCCOc1cccc(C(N(C#N)CCC)[N+](=O)[O-])c1
1080,CCCOc1ccc2cc(-c3cccc([N+](=O)[O-])c3OC)oc2c1
1081,O=[N+]([O-])c1ccc(CCCCCCCCOc2ccco2)nc1
1082,[N-]=[N+]=Nc1cc2c(s1)C1CCc3ccc([N+](=O)[O-])cc3C1CC2
1083,O=CCCC[N+]([O-])c1ccc2oc(-c3cc4c(o3)OCC4)cc2c1
1084,CCCCCCOc1cccc2c(-c3ccoc3)n[nH]c(=O)c12
1085,CCCCCCCCC1CCC(C(O)CCCO[N+](=O)[O-])O1
1086,CCc1c(C2CC2c2cccc3occc23)oc(OC)c1[N+](=O)[O-]
1087,O=C(CCCCCCOc1ccc2ocnc2c1)c1ncco1
1088,N#CCCN1CCC(c2ccc3c(c2)oc2nc(#N)scc23)CC1
1089,N#Cc1c2cccc(OCCCCCN3CCCCC3)c2o[n+]1[O-]
1090,O=[N+]([O-])c1ccc(C2CCN(CCCc3ccoc3)CC2)cc1
1091,N#Cc1ccc2c(N=O)cc(CCCCCCN3CCC3)nc2c1
1092,CCc1cc2oc([N+](=O)[O-])cc2c2cc(OCCCOC)ccc12
1093,N#Cc1ccc(N(CCCCSc2ccco2)[N+](=O)[O-])cc1
1094,O=c1ccc2cc(C3CCC([N+]=NCC4CC4)OC3)ccc2o1
1095,Cc1cc(Oc2ccccn2)c(OC(F)(F)F)cc1[N+](=O)[O-]
1096,COc1ccc2c(c1)OCN(C(ON=[N+]=[N-])c1ccccc1)CC2
1097,CCN(CCCCCCN(C)C1C(N)=Nc2ccccc21)N=O
1098,CCCCOc1ccc2c(c1)OCC(c1ccc([N+](=O)[O-])o1)C2
1099,N#Cc1ccc(CCCCCCc2cc(=O)c3cnoc3o2)cc1
1100,CCCN1CCc2cccc([N+](=O)[O-])c2C1c1ccc([N+]#N)s1
1101,CN(C)CCOc1ccccc1-c1nc2c(o1)CCC(C#N)C=N2
1102,O=[N+]([O-])c1ccc(-c2nnc(C3CCc4ccccc4C3)o2)cc1
1103,Cc1oc2nscc2c1CCCCN1CCC(N=[N+]=[N-])CC1
1104,[N-]=[N+]=Nc1cccc(CSc2nnc(-c3cccc(F)c3)o2)c1
1105,O=[N+]([O-])OCCCCCCCCCc1cnc2ccccc2n1
1106,[N-]=[N+]=Nc1ccccc1OCCCCN1CCC(c2ccoc2)C1
1107,CCCCCCCCCCCCN1CCc2nonc2N([N-])C1
1108,O=C=Nc1ccccc1C1CCN(Cc2coc([N+](=O)[O-])c2)CC1
1109,N=[N+]=NC1CCC(CCOC2CCCC(c3ccon3)C2)CC1
1110,[N-]=[N+]=Nc1cncc(OC2CCC(OCc3ccccc3)CC2)c1
1111,COc1cccc2c1CCC(N(CC#N)c1ccoc1C#N)CC2
1112,[N-]=[N+]=Nc1ncccc1N1CCN(CC=Cc2ccccc2)CC1
1113,Cc1cc([N+](=O)[O-])ccc1COc1cccc2oc(C3CC3)nc12
1114,[N-]=[N+]=NCCCCCN1CCC(c2nnc(C3CCCC3)o2)CC1
1115,[N-]=[N+]=NCCCCCCCN1CCC(c2ccccc2)OC1=N
1116,Cn1ccc(OCc2cc(C3CCCCC3)cc([N+](=O)[O-])c2)n1
1117,C=NCCCCOc1ccccc1-c1nc2ccc(C#N)cc2o1
1118,[N-]=[N+]=NCCCCCN1CCC(c2ncnc3sccc23)CC1
1119,N#Cc1cc2nc(-c3ccccc3OCCCN3CCC3)oc2o1
1120,[C-]#[N+]c1noc(-c2oc3cc(OCCCCCC)ccc3c2[O-])n1
1121,[N-]=[N+]=Nc1occc1CCOc1ccc(OCC2CCCC2)cc1
1122,N#CSCCCOc1cccc2oc(-c3ccc(C#N)cc3)cc12
1123,O=[N+]([O-])c1ccc(CCCCCCCCCN2CCCC2)o1
1124,CCCCCCC1CCN(CCCOCCCN=[N+]=[N-])CC1
1125,[N-]=[N+]=Nc1ccc(OCCCN2CCCC2)cc1C1CCCO1
1126,O=[N+]([O-])c1ccc(C(=NOCc2coc(Cl)c2)C2CC2)cc1
1127,O=[N+]([O-])c1cccc(CCCCCCCCCOn2cco2)c1
1128,Cc1ccc2onc(N3CCCC3c3cccc([N+](=O)[O-])c3)c2c1
1129,COc1ccc(OCCCc2ccc([N+](=O)[O-])cc2)c2ccoc12
1130,[N-]=[N+]=NCCCCN(O)CCCCC1CCCc2ccccc21
1131,O=Nc1cc(=O)c2ccc(OCCCCN3CCCCC3)cc2o1
1132,N#Cc1ccc2c(c1)C(N1CCC(c3ncc([N+](=O)[O-])o3)CC1)C2
1133,CCc1cocc1OCCCCCOc1ccccc1[N+](=O)[O-]
1134,CCN(CCCOc1cc(CC(C)C)c2ccoc2c1)[N+](=O)[O-]
1135,CCCCCCCCCOc1ccc2oc(=O)cc(C#N)c2c1
1136,CCCCCCCCCN1CCC(c2nc([N+](=O)[O-])co2)CC1
1137,[N-]=[N+]=NC1CCN(CCCCc2ccc(-c3ccnnc3)s2)C1
1138,O=[N+]([O-])c1cccc(-c2nc(CCCCCCCCF)no2)c1
1139,CCCCCCC1CCN(CCCc2ncc([N+](=O)[O-])o2)CC1
1140,CC1Cc2ncccc2N1CCCCCCCN(C)N=NC#N
1141,Cc1cc(C2CCN(CCCCCCCCN=[N+]=[N-])CC2)no1
1142,N#Cc1ccc(N2N=CC(CN=[N+]=[N-])CN2c2ccccc2)cc1
1143,[N-]=[N+]=NC1CCc2noc(COc3cccc4ccccc34)c2C1
1144,CCCCCCCCCCCCc1[o+]onc1OS(C)(=O)=O
1145,O=NC1N=C(Cc2cccc3cccnc23)C(=O)c2ccccc21
1146,[N-]=[N+]=Nc1cc(C(=O)c2ccccn2)ccc1Oc1ccccc1
1147,O=[N+]([O-])c1ccc2c(c1)OC(CCOc1ccc3ccoc3c1)C2
1148,CCCCCCN1CCC(c2coc3oc([N+](=O)[O-])cc23)CC1
1149,CCCCCCCc1cc2oc(OS(=O)(=O)CC)cc2o1
1150,[N-]=[N+]=Nc1ccccc1C1CCN(Cc2cccc([SH]=O)n2)CC1
1151,[N-]=[N+]=NCCCCN1CCC(c2nc3ccccc3s2)OC1
1152,CCN1CCC(c2cccc3nonc23)c2cc([N+](=O)[O-])ccc21
1153,[N-]=[N+]=NC1CCN(CCOc2cccc(-c3ccco3)c2)CC1
1154,COc1ccc2c(c1)CNCN2CCCCCCCCN=[N+]=[N-]
1155,[N-]=[N+]=Nc1ccoc1-c1cccc(OCCCN2CCCC2)c1
1156,COc1ccc2c(C)cc(=O)oc2c1N=NN(C)c1ccccc1
1157,N#Cc1cc([N+](=O)[O-])ccc1OCCCCCCCn1ccnc1
1158,CCCCCCCC1CCN(Cc2cc([N+](=O)[O-])on2)CC1
1159,N#CCCCCCN1CCc2cc([N+](=O)[O-])sc2-c2occc21
1160,CCCCCN1CCC(c2cc([N+](=O)[O-])cc3oncc23)CC1
1161,Cc1cc([N+](=O)[O-])ccc1N(C)N=Nc1cccc2c1CCOC2
1162,Cc1cc(=O)oc2cc3oc4c(c3cc12)CC(CCCC#N)C4
1163,[N-]=[N+]=Nc1ccc(-c2cn(CCCCCN3CCCC3)o2)cc1
1164,CN(N=Nc1ccccc1CCCCN1CCCCC1)N=[N+]=[N-]
1165,O=[N+]([O-])c1ccccc1-c1ncc(-c2ccc3ncccc3c2)o1
1166,O=[N+]([O-])c1cc2cc(OCCCCN3CCCC3)oc2cc1O
1167,COc1cccc2oc(=O)c(CN=[N+]=[N-])c(OC3CCCCC3)c12
1168,[N-]=[N+]=Nc1c(-c2ccccc2OCCN2CCC2)oc2cocc12
1169,O=C(CCCCCCCN1CCCC1)c1cccc([N+](=O)[O-])c1
1170,CN(CCC1CCCc2ccc(N=[N+]=[N-])cc21)c1ncns1
1171,[N-]=[N+]=NC1CCN(CCCCCCCCc2ccno2)CC1
1172,CCN=NN=NCCC1=CN(Cc2ccccn2)CCC1CC
1173,CCCCCCS(=O)(=O)Oc1ccc2cc(N=[N+]=[N-])oc2c1
1174,CCC[S+]([O-])Cc1ccc(N=NN=NC2CCCC2)cc1C
1175,O=Nc1cc(OCCN2CCCC2)ccc1C(=O)C1CCCC1
1176,N#CCCCCCCCC1COc2c(ccc3cnoc23)C(=O)C1
1177,O=NN(CCCN1CC=C(CCC=Cc2ccccc2)CC1)N=O
1178,CCCN1CCc2ccc(N=NN(CCC)CCN=[N+]=[N-])cc2C1
1179,N#Cc1ccccc1SCCN1CCC(CCCN=[N+]=[N-])CC1
1180,O=[N+]([O-])c1cccn1CCCCCOc1cccc2occc12
1181,COc1cccc2c([N+](=O)[O-])ccc(N=NN(C)CC3CC3)c12
1182,CCCCCCCC1COc2ccc3oc([N+](=O)[O-])cc3c2O1
1183,O=[N+]([O-])c1cc(Cl)c2oc(C=CCCN3CCCC3)nc2c1
1184,COC(=O)ON=C(CCCCCC1CCC1C#N)C1CCCC1
1185,[N-]=[N+]=Nc1c(-c2cn(CCCCN3CC3)o2)oc2ccccc12
1186,[N-]=[N+]=Nc1cc(-c2cccc(OCCCN3CCCC3)c2)ccn1
1187,O=C(CCCCC1CCC(c2co[n+]([O-])n2)CC1)c1ccco1
1188,O=[N+]([O-])c1cc(-c2nnc(-c3ccccc3)o2)cc2c1CCCC2
1189,CCCN(CCC#N)CCCCCOc1ccc2c(n1)N=NC2
1190,[N-]=[N+]=Nc1ccc(-c2nc(C3CCCCC3)nn2CCCF)cc1
1191,CCCCN1CCCC=C(c2nc3cc([N+](=O)[O-])ccc3o2)C1
1192,CC(=C1CCN(C2CC(CN=[N+]=O)CO2)CC1)c1ccccn1
1193,[N-]=[N+]=NCCCCCCCN1Cc2c(ccc3ncsc23)C1=O
1194,N=CCCCCCCCCC1COc2cccc([N+](=O)[O-])c2O1
1195,[N-]=NCCCC=Cc1coc(-c2cc(CCN3CCCC3)no2)c1
1196,CCCC1OC2CC1c1cc(OCCCCN=[N+]=[N-])ccc1O2
1197,C=C(C)n1ccc(CN2CCC(c3ccccc3N=[N+]=[N-])CC2)n1
1198,O=[N+]([O-])C1c2c(-c3cccnc3)coc2-c2ccnc3cccc1c23
1199,O=NCC1CCc2c(cccc2Sc2ccc([N+](=O)[O-])cn2)C1
1200,CCCN(CCCCCCCCC#N)CC1CCC(N=O)OO1
1201,CCc1nc2cccc[n+]2c(OC)c1N=Nc1ccc(C#N)cc1
1202,O=[N+]([O-])c1ccc2oc(-c3ccc4oc5ccccc5c4c3)nc2c1
1203,[N-]=[N+]=NCCCCCCN1CCC(n2cnc3cccnc32)CC1
1204,CN(C)CC1CCC(c2cc(-c3ccc([N+](=O)[O-])o3)on2)CC1
1205,CN(CCCCN1CCC(c2cccc([N+](=O)[O-])c2)CC1)N=O
1206,Cc1ccc(Sc2cncc(CC3CCC3)n2)c([N+](=O)[O-])c1
1207,CC(C)CCCCCC1CCC(c2cncc([N+][O-])n2)CO1
1208,CCCN(CCc1ccc(N=O)c([N+](=O)[O-])c1)c1ccccc1
1209,CN(C)CCCCCCCCCCCc1ncc([N+](=O)[O-])o1
1210,[O-][n+]1c2ccocc-2nc1C1CC(CCCc2ccccc2)=NO1
1211,O=[N+]([O-])N=NCC1CCCN(CCCCn2oc3ccccc32)C1
1212,O=[N+]([O-])c1cc(C2CC(CCCCCN3CCCC3)CO2)co1
1213,N#Cc1ccc(OCCCCCCCCCc2ncon2)cc1
1214,N#CCCN(CCCCCCOc1cccc2c1OCC2)N=O
1215,[N-]=[N+]=NOC(CN1CCc2ccccc21)c1cccc(Cl)n1
1216,CCCCCCCCN1CCC(c2ccc([N+](=O)[O-])o2)CC1
1217,Cc1ccc(-c2nc(-c3cccc4nccc([N+](=O)[O-])c34)no2)cc1
1218,N#CCCCCCCCCCCc1noc(-c2ccccn2)n1
1219,C=[N+]([O-])C1CN(CCCCCC)CCC1c1noc2occc12
1220,N#CCOc1cccc2c1NC1CCc3cc([N+](=O)[O-])ccc3C21
1221,O=[N+]([O-])c1cc2cccc(OCCCCCCN3CCC3)c2o1
1222,N#CCCCCCCCCCCCCCCCn1cnnn1
1223,COc1cccc(CN(CCCCC2CCCC2)CN=[N+]=[N-])n1
1224,CCCCCC1CCN(CCCCn2cnc([N+](=O)[O-])c2)CC1
1225,C[SH]1SCCC1CCCc1ccc([N+](=O)[O-])cc1[N+](=O)[O-]
1226,Cn1cc(-c2ccccc2)cc1-c1nc2cc([N+](=O)[O-])ccc2o1
1227,[N-]=[N+]=Nc1cc2nc3ccccc3oc-2c1OCCN1CCCC1
1228,O=[N+]([O-])c1cccc(-c2noc(CCCC3CCSC3)n2)c1
1229,O=[N+]([O-])OCCCOc1ccc2c(c1)oc1oc3ccccc3c12
1230,CC1CCN(CCCCCc2ccc(-c3no[n-]3)c([N+]#N)c2)CC1
1231,CN1CCC(CCCCCCCOc2ccoc2[N+](=O)[O-])CC1
1232,CCCN(CC1CCCCC1)c1nccc2oc([N+](=O)[O-])cc12
1233,[N-]=[N+]=NCCOc1ccccc1N1CCC(CN2CCCC2)CC1
1234,CCCCCCCN1CCC(c2ccc([N+](=O)[O-])c(=O)o2)CC1
1235,Cc1nc2c(CCCC3CCCCC3)cn(C)c2cc1[N+](=O)[O-]
1236,N#Cc1ccc2onc(CCCCCCCCCC(=O)C=N)c2c1
1237,C=C(CCCCN1CCc2scnc2C1)c1ccc(N=[N+]=[N-])o1
1238,O=[N+]([O-])c1cccc(N2CCC(c3ccccc3[N+](=O)[O-])CC2)c1
1239,CCN(CCC#N)CCCCCCCn1c(=O)[nH]c2cccnc21
1240,O=[N+]([O-])c1ccc(OCCCCCCCC2CCCCC2)nn1
1241,[N-]=[N+]=Nc1ccc2c(OCCN3CCCCC3)cccc2c1O
1242,N#CN(CCCCCCN(CCC1CC1)Cc1ccccn1)N=O
1243,[N-]=[N+]=NC1CCN(CCCc2ccc(-c3nccs3)cc2)C1
1244,CCCN(C)N=Nc1cccc(N2CCC(CCN=[N+]=[N-])C2)c1
1245,CCOc1c(CCOc2cccc([N+](=O)[O-])c2)oc2ccccc12
1246,O=[N+]([O-])c1ccoc1OCCCCCCCOc1ccccc1
1247,O=[N+]([O-])c1ccc2oc(CCCCCCCCCN3CC3)nc2c1
1248,CCCN(CCCC#N)c1cc(-c2cc([N+](=O)[O-])co2)ccc1C
1249,COC1=NC(c2cccc(-c3nc(-c4cccnc4)[n-][o+]3)c2)CC1
1250,COCCCCCCCCOc1ccc2cc([N+](=O)[O-])oc2c1
1251,CCCCCCCCCCCCN1CCC(C#N)([N+](=O)[O-])OC1
1252,O=[N+]([O-])c1ccc(-c2cn(CCCCOc3ccccc3)o2)cc1
1253,COc1cccc2c3c(oc12)C1=C(CCC1)[N+]([O-])N=NCCCC3
1254,CCCCCCCCCCCCCn1ncc([N+](=O)[O-])cc1=O
1255,Cc1c(Oc2cc(C3CC3)c3c(c2)oc2ccccc23)no[n+]1[O-]
1256,Cc1cc2c(OCCCc3cccc([N+](=O)[O-])c3)cccc2o1
1257,CCCCCCCCCCCN1CCC(n2onc2[N+](=O)[O-])CC1
1258,Cc1ccsc1CCN1CCC(c2coc(N=[N+]=[N-])n2)CC1
1259,CCN(CCCCCc1ccccc1)Cc1coc([N+](=O)[O-])n1
1260,CCCCCCCCCCCn1ncc2cnc([N+](=O)[O-])cc21
1261,N#CCCN(CCCCN(O)C1CCC1)c1cccc(N=[N+]=[N-])c1
1262,NOC1CCC(C(Oc2ccccc2[N+](=O)[O-])c2ccccc2)C1
1263,COC(=O)c1ccc(N=NN(C)CCCN2CCCCC2)cc1
1264,N#CCCCCCN1CCC(=Cc2ccc([N+](=O)[O-])cc2)CC1
1265,Cc1nsc(CCCN2CCC(CCCCN=[N+]=[N-])CC2)n1
1266,C=CCOc1c(-c2cccc([N+](=O)[O-])c2)oc2ccc(OC)cc12
1267,O=[N+]([O-])c1cccc(CCCOc2coc(-c3ccccc3)n2)c1
1268,N#CCCCCCCCOC1CCC(c2nc(C3CC3)no2)C1
1269,O=[N+]([O-])c1ccc(C2CCN(CC3CCCCC3)CC2)cn1
1270,CCCCc1ccc(-c2cc3cc(O[N+](=O)[O-])ccc3o2)cc1
1271,Cc1nc(N2CCN(CCCCCCCCN=[N+]=[N-])CC2)co1
1272,CCC=CCCCCCCc1oc(=O)oc1-c1cc(C#N)cn1C
1273,O=c1oc2ccc(OCCCC3CCCCC3)cc2cc1[N+](=O)[O-]
1274,[N-]=[N+]=NCCN(CCCSc1ccco1)CC1CCCCC1
1275,CN1CCOC(c2nc3c(N=[N+](F)F)cc(Cl)cc3o2)C1
1276,[N-]=[N+]=Nc1ncccc1SCCCN1CCC1c1ccco1
1277,CN(C)CCCCCCOC1CC(=O)c2cc([N+](=O)[O-])ccc21
1278,CCCN(CCC)CCCOc1ccc2oc([N+](=O)[O-])cc2c1
1279,CCCN(CC1CC1N=[N+])c1ccccc1OC(=O)c1ccco1
1280,[N-]=[N+]=NOCC1CCN(CCCCCCc2cncs2)CC1
1281,CCC(ON=C(c1ccc2cnoc2c1)[N+](=O)[O-])c1ccccc1
1282,[N-]=[N+]=NC1CCC(Cn2cc(CCCCC3CCCC3)nn2)C1
1283,N#CC1CCCC1n1cnc(COCC2CCCCCC2)n1
1284,Cc1ccc(CCCCCCCOc2ccccc2[N+](=O)[O-])o1
1285,[N-]=[N+]=Nc1ccc(CCCCCn2c(=O)oc3ccccc32)s1
1286,N#CCCCC1CCC(c2noc3cc(OCC#N)ccc23)CC1
1287,CN(C)CCc1cccc2cc(-c3ccc(N=[N+]=[N-])cn3)oc12
1288,CCOC1C=C(COc2ccc3cc([N+](=O)[O-])oc3c2)CCC1
1289,CCCCCC[SH](C)(=O)Oc1ccc2oc([N+](=O)[O-])cc2c1
1290,CCCCCCCCCCCn1c([N+](=O)[O-])nc2cnccc21
1291,N#CCCCCCCc1ccc(-c2nnc(-c3ccoc3)o2)cc1
1292,O=[N+]([O-])Oc1c(OCCCc2nccs2)cccc1C1CC1
1293,N#Cc1cc(CN2CCCC(c3ccccc3)CC2)oc1[N+](=O)[O-]
1294,N#[N+]c1noc(OCCCCCC2CCc3cccn3C2)c1F
1295,CCCCCN1CCCC(c2noc3ccc([N+](=O)[O-])cc23)C1
1296,O=c1oc2cc([N+](=O)[O-])ccc2cc1OCCCC1CCCCC1
1297,CN(C)CC1CCc2c(OCCCCCCN=[N+]=[N-])cccc2O1
1298,N#Cc1c(O)ccc2c(S(=O)(=O)Oc3ccccc3)cccc12
1299,CN(CCCCCCCN=[N+]=[N-])CC1OCc2ccccc2O1
1300,N#CC(CCCCCCc1cocn1)C(=NO)c1ccccc1
1301,O=[N+]([O-])c1ccc2c(c1)N=C(CCSc1ccccn1)CC2
1302,[N-]=[N+]=NCCCCCCN1CCC(c2noc3ccccc23)CC1
1303,O=[N+]([O-])c1nccc(OCCCCCCC=Cc2ccccc2)n1
1304,O=C1CCc2c(-c3noc(-c4ccccc4)n3)ccc([N+](=O)[O-])c21
1305,O=C1CCc2cc(Oc3cccnc3C3CCCC3)[s+]([O-])c21
1306,O=[N+]([O-])OCCCCOc1cccc2oc(-c3ccccc3)c-2c1
1307,O=NN(CCCCCCCCc1ccccc1)c1ncccn1
1308,CCCCCCCCCCCCCCCN1CCC(N=[N+]=[N-])=N1
1309,CCCCCCCCCCOc1ncc([N+](=O)[O-])cc1OC
1310,O=[N+]([O-])c1cccc(C2CCc3onc(C4CCCC4)c3O2)c1
1311,N#CCCN1CCC(COc2ccc3cc(N=O)oc3c2)CC1
1312,O=c1occn1CCCCCCCCCCCCc1cccnn1
1313,CN=C1CCN(CCOc2ccc3ccc4occc4c3c2)N=N1
1314,O=[N+]([O-])c1ccc2ccn(CCCC3CCc4nocc4C3)c2c1
1315,CC(=NN=O)C1CCN(CCCCCCn2oc(C)c2C=O)CC1
1316,Cn1cc(CCCCCCCCCc2ccc([N+](=O)[O-])cc2)nn1
1317,COc1ccc2oc3c(c2c1)C(CCC#N)C(N(C)N=O)CC3
1318,O=[N+]([O-])c1cc(OCCCCCCN2CCCC2)nc2ccoc12
1319,CCCCCCCCC1CCC2CC(=O)OC2(CN([O-])N=O)C1
1320,COc1ncccc1CCCCC#Cc1ccc(N=[N+]=[N-])cc1O
1321,C=CN=Nc1ccn(CCC2CCc3cc([N+](=O)[O-])ccc3C2)c1
1322,CN1CC=C(CCCCCCCCc2coc([N+](=O)[O-])n2)CC1
1323,[N-]=[N+]=NCc1cc(CCCCCCCCN2CCCCC2)no1
1324,CCCCCCCCN1CCC(c2ccnc([N+](=O)[O-])n2)CC1
1325,O=NN=NC1CCN(CCCCCCCc2ccccn2)CC1
1326,CCCOc1ccccc1C1=NOC(c2cccc([N+](=O)[O-])c2)C1
1327,CCCN(Cc1ccc([N+](=O)[O-])cc1)c1nc2ccccc2o1
1328,O=[N+]([O-])c1cc(N2CCC(CCCc3ccccc3)CC2)no1
1329,O=[N+]([O-])c1cc2c(o1)C1(CC2)CCN(Cc2ccccc2)CC1
1330,COc1cccc2c1ccn2CCCCCCCCN([O-])[N+](=O)[O-]
1331,CN(C)CCCCCCCCON=C1CSC(N=[N+]=[N-])C1
1332,O=[N+]([O-])c1cc(CCCCCC2=CN(c3ccccn3)CC2)co1
1333,CCC(C#N)CC1CCN(CCCCCCCO[N+](=O)[O-])CC1
1334,N#Cc1ccc(CCSc2ccc([N+](=O)[O-])cc2)c2ccoc12
1335,CN(C)CCCOc1cccc(OC2CCC(N=[N+]=[N-])CC2)c1
1336,N#CCCCOc1cc(CCN2CCCC2)cc2cc(N=[N+]=[N-])oc12
1337,[N-]=[N+]=NC1CCC=C(c2cccc(OCCN3CCCC3)c2)C1
1338,CC(C)c1nc2c3cc(OCCN=[N+]=[N-])ccc3nc3cccc(o1)c32
1339,N#CCCCCCC1=NN(c2ccc([N+](=O)[O-])c(Cl)c2)CC1
1340,Cc1cc(CCCCOc2ccc(C3CC=C([N+]#N)CC3)o2)no1
1341,[N-]=[N+]=Nc1cc(-c2cccc(CN3CCC(c4ccoc4)C3)n2)co1
1342,CCCCCCCN=[N+]([O-])c1nnc(-c2ccc(F)cc2)n1C
1343,N#CCCCCCCC1CC(=O)c2cc3occc(=O)c3cc2O1
1344,O=[N+]([O-])c1cc(OCCC2CC2)cc2oc(-c3ccccc3)nc12
1345,O=[N+]([O-])c1cn(CCCCCCCCCCc2ccoc2)cn1
1346,N#[N+]c1cc(OCCCCCCc2ccccc2)cc2ocnc12
1347,O=[N+]([O-])OCCCCCCCCc1cc(CF)c2c(c1)OCO2
1348,CCCCCCC[S+]([O-])c1nsc2cc([N+](=O)[O-])ccc12
1349,COc1cc2c(SC)cn(CCCCN=[N+]=[N-])c2cc1OC
1350,O=[N+]([O-])c1cn(CCCCCCCCCCc2ccccn2)cn1
1351,N#CCCCCCCCCC1CCN(CCCSC#N)CC1
1352,CCC1([N+](=O)[O-])C=C(c2cc(Oc3ccccc3)on2)CCC1
1353,CC1CCC(CC(C)OC(=O)c2ccc([N+](=O)[O-])s2)CC1
1354,O=[N+]([O-])c1cc2c(o1)C=NC(CCCCCN1CCCC1)CC2
1355,[N-]=[N+]=Nc1nc2c(s1)CN(CCCCOc1ccccc1)C2
1356,[N-]=[N+]=NC1=CN(CCCCCCCCc2nc3ccccn3n2)CC1
1357,Cc1nc([N+](=O)[O-])cn1CCCCCCCCc1cccnc1
1358,O=[N+]([O-])c1cc2ccoc2cc1OCCCCC1CCCCO1
1359,O=c1c(-c2ccccc2)noc2ccc3ccc([N+](=O)[O-])cc3c12
1360,CCCc1nc(OCCCCCc2ccc([N+](=O)[O-])cc2)co1
1361,O=[N+]([O-])c1cccc(CCCCCCCCCn2ccnc2)n1
1362,Cc1nnsc1CN1CCC(c2cccc(N=[N+]=[N-])c2)CC1
1363,O=NN1CCCC2CCCC(c3cccc([N+](=O)[O-])c3)C2CC1
1364,O=[N+]([O-])c1ccc(CCCCCCCCOc2cccnc2)nc1
1365,Cc1nccc(OCCCCCCCc2ccoc2)c1[N+](=O)[O-]
1366,[N-]=[N+]=NCCCCCCCN1COc2ccc3ccoc3c2C1
1367,CCCCCN1CCC(c2ccc([N+](=O)[O-])cc2[N+](=O)[O-])CC1
1368,O=NCCOc1cccc2nc(-c3nc4ccccc4o3)ccc12
1369,CCCCCCCC(=O)OCC1CCN(CCCN=O)CC1
1370,[N-]=[N+]=NC1=COC2=CC=CC(OCCCN3CCCC3)=C1S2
1371,CCCCN(C)CCCCn1c(N=[N+]=[N-])cc2nc(C#N)ccc21
1372,[N-]=NCCCCCCCCCc1noc2oc(CN3CCC3)cc12
1373,O=[N+]([O-])c1ccc(CCCCCCCCCOn2cco2)cc1
1374,Cc1cc([N+](=O)[O-])ccc1-c1c(CON=O)n(C)c2ccccc12
1375,CCCCCCCCOc1ccc2c(c1)Cc1c-2noc1[N+](=O)[O-]
1376,CCCCCN1CCC(c2nc3ccc([N+](=O)[O-])cc3o2)CC1
1377,O=c1oc2cc([N+](=O)[O-])ccc2n1CCCCCCCN1CCC1
1378,O=[N+]([O-])c1cc2c(o1)oc1ccc(OCCCN3CCCC3)cc12
1379,O=[N+]([O-])c1cnc(N(CCC2CC2)c2ccc3ccccc3c2)o1
1380,COc1cc2ccoc2cc1OC1CCN(CCCN=[N+]=[N-])C1
1381,[N-]=[N+]=NCC1=Cc2cccc(OCc3nc4ccncc4o3)c2CCC1
1382,CCCCCCCN1CCC(c2ccc([N+](=O)[O-])c(C)n2)CC1
1383,[N-]=[N+]=Nc1ccc2nn(-c3ccc(N4CCCCC4)cc3)nc2c1
1384,N#[N+]C1=C(c2ccco2)CCN(CCc2ccc([N+](=O)[O-])cc2)C1
1385,O=[N+]([O-])c1cc(-c2ccc(OCCCN3CCCCC3)cc2)no1
1386,O=[N+]([O-])c1cccc(CCCCOCc2nc3ccccc3o2)c1
1387,CCCN(CCN=[N-])CCC1(c2cccc([N+](=O)[O-])c2)CCCC1
1388,O=NCC1CCC1COc1ccc2c(-c3cccnc3)noc2c1
1389,[N-]=[N+]=NC1CCN(CCCCCOc2ccc3ccoc3c2)C1
1390,[N-]=[N+]=Nc1cc2c(nn1)SCCCC2CCN1CCCCC1
1391,N#Cc1ccnc(CCCCOc2cc(-c3ccoc3)ccn2)c1
1392,O=C(CCCN1CCC(c2ccc([N+](=O)[O-])cc2)C1)c1ccco1
1393,C=Nc1cc2ccccc2cc1OC(=O)c1cccc([N+](=O)[O-])c1
1394,CCc1cc(COc2ccccc2OCC2CC2)oc1[N+](=O)[O-]
1395,CN1CCC(COCC2CCCCC2)c2c(N=[N+]=[N-])coc2C1
1396,N#CCCCCCN(CC#N)CCCCC1CC1c1cocn1
1397,N#[N+]c1ccc(CN(CCCC2CCCc3ccccc32)N=O)o1
1398,[N-]=[N+]=NCCCOc1ccc2cccc(OCc3ccoc3)c2c1
1399,O=[N+]([O-])c1nc2cc(OCCCCCc3ccccc3)ccc2o1
1400,CCCCN1CCC(c2ccc(N=NN(C)N=[N+]=[N-])cc2)CC1
1401,Cc1cncn1CCCCc1cccc([N+](=O)[O-])c1-c1ccco1
1402,[N-]=NCN1CCC(CCCCCCc2cccc([N+](=O)[O-])c2)CC1
1403,CCCC1CCC(c2cc(-c3cn(C)nc3[N+](=O)[O-])co2)CC1
1404,O=[N+]([O-])c1nc2c(o1)C(CCCCCN1CCCCC1)CCC2
1405,O=[N+]([O-])c1cc2ccoc2cc1OCCCCCN1CCCC1
1406,CCc1noc2c3c([N+](=O)[O-])cccc3n(CCCC3CC3)c12
1407,COC1CCCc2c(SCc3cccc([N+](=O)[O-])c3)noc21
1408,Cc1cnc(CCCCCN(C)Cc2cccc([N+](=O)[O-])c2)o1
1409,N#Cc1cc([N+](=O)[O-])cc2cc(SCc3ccccn3)ccc12
1410,O=[N+]([O-])c1cc(CCCCCCCCCCCC2CC2)n([O-])n1
1411,O=[N+]([O-])c1ccc(CCCCCCCCCCn2ccnc2)o1
1412,O=C(c1ccc(Oc2cccnc2)cc1)c1cccc([N+](=O)[O-])c1
1413,COc1ccc2cc(-c3cc4c(C)cc([N+](=O)[O-])cc4o3)oc2c1
1414,CN(C=Cc1coc(N=[N+]=[N-])c1)C1CCc2ccccc2C1C=O
1415,CCN(CCCCN1CCC1c1cc2ccccc2o1)[N+](=O)[O-]
1416,Cc1occc1-c1ccoc1[S+]([O-])c1nc2ccccc2o1
1417,COc1ccc(CN2CC=C(c3csnc3N=[N+]=[N-])CC2)cc1
1418,[N-]=[N+]=NCCCCCCC1CCC(OCCN2CCCCC2)O1
1419,N#CC1=CC(N=N)c2c(CCCCN3CCCC3)cccc2C1=O
1420,COc1cc2ccc3c4cc([N+](=O)[O-])ccc4oc3c2cc1OC
1421,CC(C)C1CCc2ccc(OCCCn3ccc(N=[N+]=[N-])n3)n2CC1
1422,O=[N+]([O-])c1ccc2c(ccn2CCCN2CCCCC(=NO)C2)c1
1423,C=CCOc1ccc2cc(-c3nc4cc(C#N)ccc4o3)oc2c1
1424,O=C1CCN(CCCCCc2noc(C3CCCCC3)n2)CO1
1425,[N-]=[N+]=Nc1c(-c2cccs2)noc1C1CCN(CCF)CC1
1426,O=Cc1ccccc1Oc1coc([N+](=O)[O-])c1C1CCCCC1
1427,O=C1CC(CCCCc2ccc([N+](=O)[O-])s2)Cc2ccoc21
1428,CN(C)CCOc1c(-c2ccccc2)oc2sc(N=[N+]=[N-])cc12
1429,CCCCCCCS(=O)(=O)Oc1ccc2oc(=O)ccc2c1
1430,O=[N+]([O-])c1cccc2c1C(COc1noc3ccccc13)CCC2
1431,CN(C)CCCCOc1ccoc1-c1cc2cc(N=[N+]=[N-])ccc2o1
1432,Cc1c(N=[N+]=[N-])oc2cc(OCCN3CCCC(C)C3)ccc12
1433,CC1CCN(CCOC2=CN(C)c3cc(N=[N+]=[N-])oc3C=C2)CC1
1434,CC1CCCCN1CCC=Nc1ccc2oc([N+](=O)[O-])cc2c1
1435,C[SH](=O)(Oc1ccc2oc([N+](=O)[O-])cc2c1)c1ccccc1
1436,COC(=O)CCCCCCCCOc1cccc(CN=O)c1
1437,CCCCCCCCCCCCCCCOc1c[n+]([O-])on1
1438,Cc1c(C#N)cccc1OCCCCCCc1nc(C2CC2)no1
1439,CCC1(C)CCCN(c2oc3cc(OC)ccc3c2[N+](=O)[O-])C1
1440,CCCCN1CCC(c2nc(-c3ccc(N=[N+]=[N-])cc3)no2)CC1
1441,CCCCCN(CCc1cc([N+](=O)[O-])c(C)nn1)c1ccccc1
1442,[N-]=[N+]=Nc1ccccc1OCCCOc1ccnc2ccccc12
1443,CN(CCCCCCOC1CCc2ccccc2C1=O)N=NC#N
1444,COc1ccccc1Oc1ccnc2c1C(C[N+](=O)[O-])CCC2
1445,[N-]=[N+]=NCCCCCCN1CCC(n2cnc3ncccc32)CC1
1446,O=[N+]([O-])c1ccc(SCCCCc2cccc(Cl)n2)o1
1447,Cc1cc2cc(C#N)ccc2n1CCCCn1cccc1[N+](=O)[O-]
